image_path,leaf_label,N,P,K,temperature,humidity,ph,rainfall,soil_moisture,soil_type,sunlight_exposure,wind_speed,co2_concentration,organic_matter,irrigation_frequency,crop_density,pest_pressure,fertilizer_usage,growth_stage,urban_area_proximity,water_source_type,frost_risk,water_usage_efficiency,NDVI_Mean,NDVI_Std,NDRE_Mean,NDRE_Std,crop_health
D:\Download1\Multi_Crop_Leaves_Disease\Multi_Crop_Leaves_Disease\Guava\Unhealthy_Guava\pottasium\no(9).jpg,Potassium_Deficiency,35,64,15,28.47442276,63.53604453,6.500144962,69.5274407,20.113293079539623,1,5.063887239785832,3.878962623720412,371.2992317284297,7.598530598745731,6,12.64317568134402,24.72035450108878,135.49984369999714,3,46.23666004424658,2,57.24122257162016,2.7098829578931527,0.3059136883892304,0.248130481359388,0.1608305351660706,0.2340054518168561,Moderate_Risk
D:\Download1\Multi_Crop_Leaves_Disease\Multi_Crop_Leaves_Disease\Brinjal\Unhealthy_brinjal\pest_damage\pest_damage11.jpg,Pest_Damage,108,22,47,28.53545677,91.72742702,6.161123579,25.1290048,28.982135482995226,2,9.161602080461757,11.159358022978616,438.81787687651047,7.234406108355488,4,10.814514667268414,80.21306913962447,71.60138048904422,1,48.01634816729275,2,94.934806572571,2.337972107732756,0.1236305743733896,0.2241608162675485,0.0416176328148616,0.1932673449461761,Moderate_Risk
D:\Download1\Multi_Crop_Leaves_Disease\Multi_Crop_Leaves_Disease\Brinjal\Unhealthy_brinjal\pest_damage\pest_damage111.jpg,Pest_Damage,39,65,23,25.43459777,69.12613376,7.685959305,41.02682925,10.668559319782968,3,6.391909834526754,7.958084854078242,420.24264650324176,1.743894977004242,6,10.232154749531146,95.80187666395142,97.79828414472313,3,39.00088379504362,1,45.98289268382856,1.673029754855631,0.1700672275850901,0.2472078447567685,0.0214765413346806,0.2158262153267885,Moderate_Risk
D:\Download1\Multi_Crop_Leaves_Disease\Multi_Crop_Leaves_Disease\Papaya\Unhealthy_papaya\Nitrogen\nitrogen_leaf_spot (2).jpg,Nitrogen_Deficiency,107,11,54,28.59052369,91.33617236,6.094016338,29.44008034,29.20458172984761,2,10.26858505833592,1.6513288809944315,367.8733223969777,5.013319659517506,5,15.63498909357326,83.08000964985163,155.89871386775502,3,14.599739460457345,1,51.7412066014898,4.437243695680028,0.2080787988542195,0.1930726324673818,0.1437336543388606,0.1638107137792359,Moderate_Risk
D:\Download1\Multi_Crop_Leaves_Disease\Multi_Crop_Leaves_Disease\Guava\Unhealthy_Guava\pottasium\no(3).jpg,Potassium_Deficiency,8,133,195,20.46657776,80.97598029,6.456079585,71.29813872,28.33684740894858,1,7.62774362566026,4.038708118048183,362.99164315482886,7.832591130601337,1,10.376261475908896,20.175634961200505,166.9901505026583,1,0.7892802288247291,2,82.53756676856794,3.696058493944716,0.3492290058126367,0.2335340248631689,0.2038051225413373,0.2273267375812586,Moderate_Risk
D:\Download1\Multi_Crop_Leaves_Disease\Multi_Crop_Leaves_Disease\Castor\Unhealthy_castor\Pottassium\IMG_4964.jpg,Potassium_Deficiency,136,36,24,22.74446976,80.41198458,7.59781958,90.07326633,13.467257051310288,1,6.062233006437458,15.5188307016596,400.3356827960958,9.79535812948036,6,6.641312474685122,72.7151523464044,182.0958155847244,3,47.59362168428595,1,75.95540772356551,4.143892130743773,0.2510437944074032,0.2396628380683336,0.1009937459209953,0.2252502164866279,Moderate_Risk
D:\Download1\Multi_Crop_Leaves_Disease\Multi_Crop_Leaves_Disease\Brinjal\Unhealthy_brinjal\Pottasium\spider_mite.jpg,Potassium_Deficiency,117,32,34,26.2724184,52.12739421,6.758792552,127.1752928,13.642304736922634,2,8.097337065880122,16.537830888139748,415.5143138839929,8.934076932532399,6,16.86813051240768,31.00715649291702,72.19142098690531,2,8.395497784784894,3,49.619791249176885,4.1193880040029285,0.0843195498765195,0.2366691737931782,-0.0243944324422046,0.1755565268516987,Moderate_Risk
D:\Download1\Multi_Crop_Leaves_Disease\Multi_Crop_Leaves_Disease\Brinjal\Unhealthy_brinjal\pest_damage\spider_mite14.jpg,Pest_Damage,3,72,24,36.51268371,57.92887167,6.03160778,122.6539694,12.300796996218914,1,5.072280482284679,2.659512966080706,413.1667094807197,5.483977498461362,3,13.235678121410562,97.17837194002,120.16398859301589,1,48.71899841386766,3,0.4118913242861399,2.1496913420145503,0.1780428442033461,0.2384425106578979,0.0672394132036362,0.2055380728336911,Moderate_Risk
D:\Download1\Multi_Crop_Leaves_Disease\Multi_Crop_Leaves_Disease\Cumin\Unhealthy_Cumin\insect_infection\insect15.png,Pest_Damage,40,143,201,24.97256132,82.72828653,6.476757723,66.70016285,25.79774742042684,1,8.493290316580499,18.63055699687838,350.8865050150381,4.790904205690039,4,16.19371250199152,43.61904284821132,97.978077428222,3,43.41065092752765,1,23.40627216487093,4.608156963527788,0.2780206357388302,0.2626632274064254,0.1292162634146313,0.2325004967748434,Moderate_Risk
D:\Download1\Multi_Crop_Leaves_Disease\Multi_Crop_Leaves_Disease\Brinjal\Unhealthy_brinjal\Magnessium\magne16.png,Magnesium_Deficiency,62,49,37,24.21744605,82.85284045,7.479248124,166.1365886,11.875862812343083,3,9.194175525919777,12.078937651326488,377.6270610977994,8.852485971004233,3,14.906872718034846,17.29066392277635,82.71159650091977,3,49.751257587928535,1,38.574184427302185,2.8957400988965825,0.277307261343369,0.144664194428088,0.1717730013633613,0.1289819655214998,Moderate_Risk
D:\Download1\Multi_Crop_Leaves_Disease\Multi_Crop_Leaves_Disease\Castor\Unhealthy_castor\Peast_disease\WhatsApp Image 2026-03-31 at 12.44.35 PM.jpeg,Pest_Damage,10,75,17,18.43966037,68.05394959,7.732194788,39.00992137,10.27365136861986,2,8.474102929447048,2.715976683101875,372.4430642398528,6.013797166523013,2,15.723457893185447,82.07842976595529,117.79350826302276,1,36.501071460514304,1,73.93491461744216,3.270412719818772,0.2797334149340327,0.2474070144215017,0.1358257043264674,0.2227036774694979,Moderate_Risk
D:\Download1\Multi_Crop_Leaves_Disease\Multi_Crop_Leaves_Disease\Papaya\Unhealthy_papaya\magnesiuam\magnesium_leaf_spot.jpg,Magnesium_Deficiency,101,10,47,25.5421695,83.31883376,6.936997681,57.57343233,21.08846327859752,1,7.243667984919472,9.836275473120022,388.9748623511061,1.1802005614026998,2,5.958716120730546,92.03340144377708,165.42229088622418,3,18.918563426276386,2,94.24733640915572,1.0307288884131989,0.1757592261878848,0.175535687040372,0.1123170401014153,0.1620454657315171,Moderate_Risk
D:\Download1\Multi_Crop_Leaves_Disease\Multi_Crop_Leaves_Disease\Guava\Unhealthy_Guava\Magnesium\magnes14.png,Magnesium_Deficiency,40,126,201,11.36300891,80.03100049,6.116982944,71.18289431,26.26395315703626,1,10.731730065116317,1.864690978962092,368.8449687551723,8.610899420893688,1,5.455793986187772,24.048948421460658,182.8726660417336,3,19.08118331642,1,40.14600762842054,4.3970182868502,0.2783905430999636,0.2529842305066487,0.1147753508485719,0.2331810038788872,Moderate_Risk
D:\Download1\Multi_Crop_Leaves_Disease\Multi_Crop_Leaves_Disease\Brinjal\Unhealthy_brinjal\Pottasium\pottasium_spider mite (1).jpg,Potassium_Deficiency,118,44,23,22.08458267,82.82904143,6.691690476,67.06459777,11.97656288098738,3,9.932916505559009,10.411331323890469,428.9127337715887,4.46972997760623,4,11.417062100772055,82.30579120911639,188.86501570851527,2,3.976749933629992,2,53.784179222459926,1.7567328842269223,0.1098579175989218,0.1938677018558514,0.0264283273523151,0.1640345053857025,Moderate_Risk
D:\Download1\Multi_Crop_Leaves_Disease\Multi_Crop_Leaves_Disease\Castor\Unhealthy_castor\Pottassium\IMG_4962.jpg,Potassium_Deficiency,82,77,46,28.9470467,82.1888998,5.901100841,95.83016448,15.141719267175484,2,8.403345806940486,14.53839243752452,387.63327926352514,6.605467721607468,6,12.972721837493198,46.54558529644929,192.4755319175036,2,31.90734794186067,3,83.60219831303561,3.510788251320101,0.2643356522087341,0.2417619147700754,0.1764428165510036,0.223120929850777,Moderate_Risk
D:\Download1\Multi_Crop_Leaves_Disease\Multi_Crop_Leaves_Disease\Brinjal\Unhealthy_brinjal\pest_damage\no.jpg,Pest_Damage,34,65,47,23.48546973,93.71043692,6.833768535,191.7760562,24.362217189717786,3,5.037598914860304,0.9506230913500092,357.86444260247777,4.444785569908624,3,5.407246224312809,95.99603278086792,59.53224919680108,1,32.62218355104567,1,50.81909003287165,1.7630783986805638,0.2822329655462026,0.245481484018449,0.1908338404292954,0.2087397729690293,Moderate_Risk
D:\Download1\Multi_Crop_Leaves_Disease\Multi_Crop_Leaves_Disease\Brinjal\Unhealthy_brinjal\Pottasium\pottasium_spider mite (7).jpg,Potassium_Deficiency,26,11,11,13.70319166,90.95589386,7.609348255,106.2944879,20.54809814425508,2,6.444050705537716,4.149650513655145,367.19701820321575,7.463924406158924,6,7.142349060158192,50.36402731589222,132.56550711881744,1,34.72324376152116,3,96.0895920184774,1.8285835461149416,0.0491492487357046,0.1811684285935536,-0.0029244675899617,0.151944493087541,Moderate_Risk
D:\Download1\Multi_Crop_Leaves_Disease\Multi_Crop_Leaves_Disease\Castor\Unhealthy_castor\Pottassium\IMG_4958.jpg,Potassium_Deficiency,74,55,19,18.05033737,62.89366992,6.28886807,84.23613484,28.361883052679257,3,7.681525712895155,18.63277517605433,380.7963324132751,2.640846091740541,4,13.71699861924386,86.71488486432531,55.12069480853036,3,16.071264008579654,1,49.73906723092462,2.04522576754565,0.0409677799958357,0.1819086387048688,-0.033709415627995,0.1502057124382393,Moderate_Risk
D:\Download1\Multi_Crop_Leaves_Disease\Multi_Crop_Leaves_Disease\Guava\Unhealthy_Guava\pottasium\no(6).jpg,Potassium_Deficiency,120,23,28,25.67324193,51.29043632,6.877799264,196.2736367,21.98237866520371,1,8.403351292704773,11.133358666191604,384.4297077162644,5.911817507142141,4,15.379318695467202,95.03373072027792,171.98740161433886,2,40.042576134251775,2,64.22533392921035,4.53711817253506,0.1194579363886923,0.2270891232081161,-0.0471363110572283,0.1615135672187046,Moderate_Risk
D:\Download1\Multi_Crop_Leaves_Disease\Multi_Crop_Leaves_Disease\Papaya\Unhealthy_papaya\Nitrogen\nitrogen5.jpg,Nitrogen_Deficiency,89,9,47,29.47156259,90.77069618,6.668382766,28.75226067,29.66921265657852,3,7.487120703864998,3.389545797280762,418.96455880955546,7.989159229127943,5,17.517238009047684,72.30928032570804,142.0114351619101,2,46.52047286686194,2,65.69596292506465,1.5636855032037769,0.3103284885015546,0.1441044260838778,0.215599760525922,0.1228028926553605,Moderate_Risk
D:\Download1\Multi_Crop_Leaves_Disease\Multi_Crop_Leaves_Disease\Guava\Unhealthy_Guava\Magnesium\magnesium3.jpg,Magnesium_Deficiency,29,68,23,24.1638445,19.27907819,5.82738029,116.7324324,27.837638914081943,2,7.430437093872976,5.281232217596992,373.5585740877172,9.896542001003835,6,8.829067521805195,93.26372329595117,142.11954544072432,1,8.128292136048126,2,63.79884929046368,4.963950522114844,0.2802488492880624,0.2586593377261879,0.1150609730584037,0.2397907824102081,Moderate_Risk
D:\Download1\Multi_Crop_Leaves_Disease\Multi_Crop_Leaves_Disease\Papaya\Unhealthy_papaya\Nitrogen\nitrogen4.jpg,Nitrogen_Deficiency,95,27,55,28.47212559,91.21322065,6.160414414,20.88620369,14.00298223280621,1,5.046102745823626,6.30203864310036,356.0818357392836,4.987546025694768,6,15.10068947163066,45.72398640406542,92.89077549599833,3,33.901855825751824,1,20.86706021172852,1.5127578880135737,0.1933973162897838,0.2433654367139655,0.0980130871224033,0.1873698002403342,Moderate_Risk
D:\Download1\Multi_Crop_Leaves_Disease\Multi_Crop_Leaves_Disease\Papaya\Unhealthy_papaya\magnesiuam\WhatsApp Image 2026-03-31 at 10.55.21 AM.jpeg,Magnesium_Deficiency,22,28,26,27.67256197,45.41692012,4.947683034,92.84991507,24.24630233128739,3,6.725833302874016,17.579487517673225,439.9827141757871,9.89933243961977,4,5.149003838578972,44.05801407595852,188.26723330830296,3,8.467878606426215,3,28.119868880864416,1.386674874248285,0.2317627912262587,0.2455029980428434,0.0894286574842015,0.231116456215453,Moderate_Risk
D:\Download1\Multi_Crop_Leaves_Disease\Multi_Crop_Leaves_Disease\Papaya\Unhealthy_papaya\magnesiuam\magnesium1.jpg,Magnesium_Deficiency,134,56,18,23.80834611,83.91902605,6.691268104,70.97358303,22.873426498240647,3,9.065676466358717,11.828669523887532,404.52874884660633,9.339148192728784,2,12.787337726186744,87.26160734748224,199.3239390961693,3,30.50413277816428,3,83.96540776900801,4.439673833448767,0.2560103776977602,0.2401027672046924,0.1232370839366175,0.231265954356447,Moderate_Risk
D:\Download1\Multi_Crop_Leaves_Disease\Multi_Crop_Leaves_Disease\Castor\Unhealthy_castor\Peast_disease\IMG-20260325-WA0039.jpg,Pest_Damage,39,42,20,29.3499706,61.25353851,8.055908858,40.82840673,23.75561074964405,2,8.956207885682948,19.22907807749616,442.07756872320806,7.776503450647754,3,18.11589093646696,55.74187844546535,117.35881103358966,1,44.29208440798587,2,97.50584753088542,4.747570543314918,0.0447658965772075,0.2601192833712283,-0.0376678591457771,0.1837902059435234,Moderate_Risk
D:\Download1\Multi_Crop_Leaves_Disease\Multi_Crop_Leaves_Disease\Brinjal\Unhealthy_brinjal\Nitrogen\Nitrogen4.jpg,Nitrogen_Deficiency,28,57,17,30.47757686,61.58245338,9.416003106,61.86633917,11.737787437312106,1,11.121880747799414,6.969204722991755,418.64734462121606,8.571635824099062,4,8.622915328121376,40.14150557522558,159.72780159724152,2,20.44345619919364,2,20.286454207902903,3.6536123231119455,0.2732179438138949,0.2483949634943881,0.1346063305226855,0.2313399403736322,Moderate_Risk
D:\Download1\Multi_Crop_Leaves_Disease\Multi_Crop_Leaves_Disease\Castor\Unhealthy_castor\Pottassium\IMG_4960.jpg,Potassium_Deficiency,16,18,26,28.43647052,91.81320717,5.568365926,145.5414413,26.40740953331289,3,11.297603687864656,15.56613650254012,353.12362330738256,9.389334451498408,1,13.821696720786909,44.87018346856762,175.23213079211382,3,38.76295223048526,3,30.1754582629694,2.775337736329966,0.3089701373329916,0.2449624670841136,0.1812037378173581,0.2234614513867075,Moderate_Risk
D:\Download1\Multi_Crop_Leaves_Disease\Multi_Crop_Leaves_Disease\Guava\Unhealthy_Guava\Nitrogen\no(12).jpg,Nitrogen_Deficiency,95,7,45,27.30008597,90.80015308,6.031665834,25.09484511,29.01729669854916,1,8.319959880895988,1.2552485190838405,377.7760050319055,9.217875178450036,3,17.15816893906969,54.75705951202513,133.2209310875953,3,25.121042425294288,1,79.46693076110472,2.836914173657686,0.1647878396996178,0.2470896998851705,0.0559796976397417,0.2064885365761578,Moderate_Risk
D:\Download1\Multi_Crop_Leaves_Disease\Multi_Crop_Leaves_Disease\Guava\Unhealthy_Guava\Magnesium\magnes17.png,Magnesium_Deficiency,15,14,8,10.01081312,90.22399223,6.22094286,119.3941064,19.209226074995136,1,10.9134946919068,9.258281069068037,445.8517001648266,5.780389747461326,3,11.294654999619391,0.7968872666747617,183.6387930341021,3,25.7767381446179,1,42.82834829120782,3.348017298965436,0.0495070425231881,0.1976372496814825,-0.0376271156063185,0.1547027575768042,Moderate_Risk
D:\Download1\Multi_Crop_Leaves_Disease\Multi_Crop_Leaves_Disease\Papaya\Unhealthy_papaya\Pottasium\pottasium5.jpg,Potassium_Deficiency,21,44,18,27.06909959,86.89934108,7.12851089,50.46746116,19.1248653473817,2,6.358961617572832,16.406411186796976,406.8840093840905,4.697056509827752,3,17.4933012696765,19.04615805088483,65.76244156394868,2,1.7186714186944507,3,14.46580349418628,2.3312390105968923,0.2633293767453621,0.1506667560915206,0.1698849363328183,0.1366967575116895,Moderate_Risk
D:\Download1\Multi_Crop_Leaves_Disease\Multi_Crop_Leaves_Disease\Brinjal\Unhealthy_brinjal\Nitrogen\Nitrogen5.jpg,Nitrogen_Deficiency,14,121,203,9.724457611,83.74765639,6.158689406,74.46411148,23.4975844784642,1,10.793036903829783,19.83304689701284,405.18074459836185,2.9796519112185127,5,8.16905154879666,26.505881165945567,140.33962000081482,1,44.31777615804294,1,83.82672727648202,3.936387707998109,0.1881799811803496,0.2177736994238945,0.1020953444519946,0.1784505531640862,Moderate_Risk
D:\Download1\Multi_Crop_Leaves_Disease\Multi_Crop_Leaves_Disease\Castor\Unhealthy_castor\Peast_disease\pest_disesase13.png,Pest_Damage,18,57,21,27.37659643,63.93927841,6.155915975,49.47371773,26.33167080898076,1,8.3511594270818,11.6093037343694,388.10945127226273,1.586407904011544,5,12.301091477402878,19.469523617499995,148.70915148085135,1,25.106384489821327,2,67.77301236402458,1.4793824668129307,0.179842586031255,0.2542868796830589,0.0767317170602655,0.2144997639518997,Moderate_Risk
D:\Download1\Multi_Crop_Leaves_Disease\Multi_Crop_Leaves_Disease\Brinjal\Unhealthy_brinjal\pest_damage\test13.jpg,Pest_Damage,34,66,19,32.97030511,60.18122078,7.586642101,73.44678678,29.784502645239744,1,9.530569812064543,4.669588993648468,434.9618214861572,3.164770027185559,1,6.5260159269639,0.6390887070379714,127.71224823901218,1,18.88553272059228,3,48.236477578324376,3.1804356774603937,0.2354893529628829,0.1572933472543721,0.1402368932221714,0.147387833343762,Moderate_Risk
D:\Download1\Multi_Crop_Leaves_Disease\Multi_Crop_Leaves_Disease\Brinjal\Unhealthy_brinjal\pest_damage\pest_damage1.jpg,Pest_Damage,39,70,52,26.26559543,90.79668055,6.65149129,59.49373381,20.285976168436644,1,5.609673138826256,5.010912993994965,393.7095905892368,4.65996897605013,1,15.703495896172328,73.95022853040551,82.84986088221976,1,2.1014026676201114,1,62.829604346663125,3.210794024330161,0.2354893529628829,0.1572933472543721,0.1402368932221714,0.147387833343762,Moderate_Risk
D:\Download1\Multi_Crop_Leaves_Disease\Multi_Crop_Leaves_Disease\Guava\Unhealthy_Guava\Magnesium\magnesium2.jpg,Magnesium_Deficiency,40,49,17,31.02215872,45.89239456,6.68727523,53.56783314,17.048585962513297,3,10.45746623924096,9.826256579033815,389.8110347339485,2.1359791206643526,6,18.85640825700944,20.75972524963624,148.17511127804087,2,7.776370569015578,2,25.65163721490693,4.72144708002484,0.3159543342442221,0.2448971475198212,0.21842126100375,0.2269726565970364,Moderate_Risk
D:\Download1\Multi_Crop_Leaves_Disease\Multi_Crop_Leaves_Disease\Brinjal\Unhealthy_brinjal\Magnessium\magnessium6.jpg,Magnesium_Deficiency,1,132,200,16.27852801,82.94270065,5.620745638,66.57462809,17.186455084550587,2,5.55954068390443,6.707939734563597,441.0045955654954,3.862613625906442,3,10.224465999460472,52.38547729055938,176.2615802492927,3,47.00922795224749,1,51.7454180936964,2.164823646160302,0.21718666513193,0.2008740443580465,0.1332677610005972,0.1833320104489287,Moderate_Risk
D:\Download1\Multi_Crop_Leaves_Disease\Multi_Crop_Leaves_Disease\Brinjal\Unhealthy_brinjal\pest_damage\How To Grow Eggplant And Tricks To Get More Fruit.jpg,Pest_Damage,23,23,30,32.82141065,47.45553843,4.755273631,90.89173106,26.92493135810683,3,10.608561658907384,10.840999312272505,352.91785640617684,9.38755779624438,3,9.912014991984902,14.02201019292596,151.02006458177112,1,30.72540176084994,2,67.14698558757331,3.2050186837580985,0.1509165754910009,0.1723905031643897,0.0318214685301151,0.1514718093963294,Moderate_Risk
D:\Download1\Multi_Crop_Leaves_Disease\Multi_Crop_Leaves_Disease\Brinjal\Unhealthy_brinjal\Magnessium\magne12.png,Magnesium_Deficiency,121,53,19,23.51308653,76.72621429,7.976889498,80.11272117,28.914272623918485,1,7.931491404456913,1.0831561350996188,414.5398333736644,7.9765460438031965,4,12.862438027581144,93.42653644843072,59.97389337799559,3,40.8434161056684,1,67.05678364391477,4.855826023576963,0.3392465239593991,0.2275202987527341,0.2015317896544669,0.2170903853757409,Moderate_Risk
D:\Download1\Multi_Crop_Leaves_Disease\Multi_Crop_Leaves_Disease\Brinjal\Unhealthy_brinjal\Pottasium\no(3).jpg,Potassium_Deficiency,0,49,18,29.68361658,87.93598094,6.990095452,41.82490236,15.221686107949465,1,10.04335523058245,11.297550322606275,403.1459617278921,8.119511928465847,6,14.738475118870456,35.71652959075706,191.4140284485437,2,3.1538141216433893,2,91.52597075144595,2.509883975598188,0.095049986151353,0.2488170831959682,0.0107543954245907,0.2034377102270907,Moderate_Risk
D:\Download1\Multi_Crop_Leaves_Disease\Multi_Crop_Leaves_Disease\Guava\Unhealthy_Guava\pottasium\no(17).jpg,Potassium_Deficiency,29,17,29,29.20394909,95.66997327,5.959493188,211.2506267,17.79403942451213,3,6.892845591645347,7.873028092137615,401.420922363291,6.707536762907776,3,15.150744603270615,40.03812129918569,185.57782693209828,1,48.23867219694311,1,65.45209666101243,2.445839470804731,0.0594643148665171,0.1895202072675048,-0.0356885945748043,0.1659279141245568,Moderate_Risk
D:\Download1\Multi_Crop_Leaves_Disease\Multi_Crop_Leaves_Disease\Papaya\Unhealthy_papaya\Pottasium\pottasium7.jpg,Potassium_Deficiency,23,65,20,23.0429097,22.42610972,5.833940084,108.3684316,10.08056813437508,2,6.738603884521762,4.940401335009799,430.5793671322704,3.570995569479205,2,9.560659067789214,83.51429876538478,186.9055514633362,3,18.53726217511485,2,15.63988694692612,4.439428815447364,0.2410820942981961,0.2584242088061317,0.0854876801628593,0.2382301328301563,Moderate_Risk
D:\Download1\Multi_Crop_Leaves_Disease\Multi_Crop_Leaves_Disease\Brinjal\Unhealthy_brinjal\Nitrogen\no(7).jpg,Nitrogen_Deficiency,12,6,8,30.84835031,92.86773675,6.388617138,107.4142681,12.740281803182636,2,9.340071976673787,7.302321716095683,438.1066017903882,6.992863044569792,2,17.542047890482092,51.36085243080865,194.57941698092668,2,17.423743826131428,1,76.82174145174606,4.213638731828076,0.2963066657866235,0.2415583300002743,0.185033926444594,0.2226061559692754,Moderate_Risk
D:\Download1\Multi_Crop_Leaves_Disease\Multi_Crop_Leaves_Disease\Brinjal\Unhealthy_brinjal\Nitrogen\Nitrogen2.jpg,Nitrogen_Deficiency,24,27,34,28.87862994,95.11320315,6.203376525,145.0583117,23.206261667690804,2,7.848375167905652,1.716926895215927,362.84787910823246,3.609374567204117,3,9.577223449035564,53.046189167257786,50.31997772500782,1,9.47207576865824,3,46.79608631867072,1.572903397315621,0.3440804061597403,0.2281597786484006,0.2045010326783086,0.2173975308412228,Moderate_Risk
D:\Download1\Multi_Crop_Leaves_Disease\Multi_Crop_Leaves_Disease\Cumin\Unhealthy_Cumin\insect_infection\cumin_un1.jpeg,Pest_Damage,113,33,34,26.00373964,62.1445102,6.559817161,153.477776,13.805697759104326,3,7.008864400801875,0.0272667302007212,444.2434818025607,7.539755744879675,5,8.38950345486913,84.17840066530927,124.50062155154735,3,10.786827216800743,2,65.7283546353167,4.889080257735876,0.2836367148172173,0.234768326815795,0.1208677897297048,0.2272420402885306,Moderate_Risk
D:\Download1\Multi_Crop_Leaves_Disease\Multi_Crop_Leaves_Disease\Brinjal\Unhealthy_brinjal\Pottasium\spider_mite15.jpg,Potassium_Deficiency,118,31,34,27.54823036,62.88179198,6.123796057,181.4170812,13.508814256108518,1,11.133205665256488,19.49430607118484,408.1436896431313,7.900318350468376,2,11.986324682910077,18.598826821563087,146.35756501438993,2,22.823900390909053,3,17.753445252430023,4.132128235196412,0.2962242091222865,0.2408966826950365,0.1573499591961334,0.2271900570011316,Moderate_Risk
D:\Download1\Multi_Crop_Leaves_Disease\Multi_Crop_Leaves_Disease\Papaya\Unhealthy_papaya\Nitrogen\nitrogen2.jpg,Nitrogen_Deficiency,87,48,25,18.65396672,61.37879671,6.656730008,93.62039175,10.829340209454172,3,11.10019077910031,17.25430693483319,418.16223693941504,2.519905146189566,4,17.489674137213534,64.99441265306486,107.80064147950878,2,37.45337343765176,2,16.907763631837504,3.565962259806854,0.0988172372302153,0.2463542999561128,0.0254100396297218,0.1857333922565455,Moderate_Risk
D:\Download1\Multi_Crop_Leaves_Disease\Multi_Crop_Leaves_Disease\Papaya\Unhealthy_papaya\magnesiuam\9241639358_70ecb9eb80_c.jpg,Magnesium_Deficiency,14,29,32,35.63627319,48.97047762,6.942520105,97.51952041,21.83194359588598,1,10.099539527536088,10.494491600347423,394.6145673267954,3.5427864233049835,6,16.259497866333383,2.149918135654738,185.6628827991948,1,37.72937009882267,3,79.55329503836295,4.360022181084265,0.2430625370639732,0.2545635177212461,0.1246337347128341,0.231146488739679,Moderate_Risk
D:\Download1\Multi_Crop_Leaves_Disease\Multi_Crop_Leaves_Disease\Brinjal\Unhealthy_brinjal\Pottasium\no.jpg,Potassium_Deficiency,68,70,54,31.29986342,92.76039164,6.986228647,54.77830202,12.158081008876223,1,7.188123807435622,7.541698335706233,445.296645879074,5.219172619797352,4,14.760684097783846,9.717404684582032,54.97336759069617,2,41.26265107376678,1,53.70979089693826,2.361947237546152,0.3325162156401922,0.2438143442032926,0.1986120384299744,0.2295495292154637,Moderate_Risk
D:\Download1\Multi_Crop_Leaves_Disease\Multi_Crop_Leaves_Disease\Brinjal\Unhealthy_brinjal\Nitrogen\no(6).jpg,Nitrogen_Deficiency,42,53,48,23.11407669,94.31994776,6.758479569,231.5153161,17.999723092851553,3,5.892382831145507,9.475687317503992,403.20816847270726,8.565270869918454,3,17.045972180827384,52.453433320175336,80.62705005038588,1,20.244674119406664,2,3.0887146513079555,4.022441244895647,0.2276694425180183,0.2518450579399788,0.1018696366332767,0.2299291849293738,Moderate_Risk
D:\Download1\Multi_Crop_Leaves_Disease\Multi_Crop_Leaves_Disease\Papaya\Unhealthy_papaya\magnesiuam\t3.jpg,Magnesium_Deficiency,13,144,197,22.9215706,94.89613443,6.28022267,105.6941544,11.796683603416325,3,6.911885653476768,2.370131212676747,437.7135455076588,9.485953231011878,5,12.430111687584922,91.01678855499252,90.73060862841275,3,3.814613181396559,1,73.57680005067198,1.609364431091873,0.2832262587939204,0.2512812314367264,0.1359671552617357,0.2298675403049009,Moderate_Risk
D:\Download1\Multi_Crop_Leaves_Disease\Multi_Crop_Leaves_Disease\Brinjal\Unhealthy_brinjal\Pottasium\download (12).jpg,Potassium_Deficiency,35,63,76,17.81564548,17.60756635,7.714153038,90.82097601,22.86506219543244,2,8.562131836120892,12.37534192699465,445.5145991858032,7.242635841534607,5,19.386381920212447,41.908834460254354,132.28741642007822,1,8.148822504837966,1,44.14971996991248,2.165712295561095,0.2637546044295197,0.2480075367308772,0.1754485353333754,0.2285554776985267,Moderate_Risk
D:\Download1\Multi_Crop_Leaves_Disease\Multi_Crop_Leaves_Disease\Brinjal\Unhealthy_brinjal\Pottasium\spider_mite3.jpg,Potassium_Deficiency,85,95,47,25.94019018,78.3422098,6.211833161,119.84797,27.518603511688376,3,6.531625356232604,2.425486443119098,407.3452617931469,7.459031045433743,1,12.322578874135328,69.3040563424938,153.76497951273336,2,12.708021714042022,1,62.55921928632674,4.725838354795833,0.2751745599595044,0.2497856173925187,0.1304078537035997,0.233031176480799,Moderate_Risk
D:\Download1\Multi_Crop_Leaves_Disease\Multi_Crop_Leaves_Disease\Papaya\Unhealthy_papaya\Pottasium\test6.jpg,Potassium_Deficiency,81,40,45,25.7629429,80.76238215,6.427726565,174.5071843,22.172512053007235,2,9.12947889086137,11.499532401087109,411.9692935578049,3.5276756830934155,4,10.200625398563735,56.776725971070775,163.43800910790304,2,13.63577058723649,1,42.65007853304426,1.63418930964745,0.2562801073529285,0.2502674580721617,0.1533131049714546,0.229847171889672,Moderate_Risk
D:\Download1\Multi_Crop_Leaves_Disease\Multi_Crop_Leaves_Disease\Guava\Unhealthy_Guava\Magnesium\magnes13.png,Magnesium_Deficiency,93,58,38,20.61521424,83.77345559,6.932400225,279.5451717,19.56912273836052,3,8.962662837776401,17.59924760989761,430.7068862283997,5.780798200037314,4,14.367410418916537,1.2100892407415187,67.82375808154919,3,7.734178463661928,2,30.76431714255285,1.1678093088284922,0.167598555409814,0.2574812831074608,0.0901212395236716,0.2299789599106285,Moderate_Risk
D:\Download1\Multi_Crop_Leaves_Disease\Multi_Crop_Leaves_Disease\Cumin\Unhealthy_Cumin\insect_infection\Black sooty Mould 3.jpg,Pest_Damage,108,88,55,26.28845991,83.390039,5.891458107,113.8729798,13.938658325440157,2,6.202810781836392,17.513247589983102,350.7000511818338,5.116649990091593,5,12.69127655699791,62.56677286013839,127.77659063440504,3,23.25453909578706,1,48.78311561511849,1.889993430885759,0.1882903351410832,0.1811742683725615,0.1268019275129848,0.1728570954582213,Moderate_Risk
D:\Download1\Multi_Crop_Leaves_Disease\Multi_Crop_Leaves_Disease\Castor\Unhealthy_castor\Pottassium\WhatsApp Image 2026-03-31 at 11.04.55 AM.jpeg,Potassium_Deficiency,70,47,17,24.6129118,70.4162444,6.600827017,104.1626147,20.02109254320799,1,10.772228518270596,12.045762640050942,392.7139043478131,6.401624076069764,5,10.867535362615891,12.799899994777451,111.69765438364496,2,31.73682078681336,2,64.72764247946668,1.4137416188734484,0.2430625370639732,0.2545635177212461,0.1246337347128341,0.231146488739679,Moderate_Risk
D:\Download1\Multi_Crop_Leaves_Disease\Multi_Crop_Leaves_Disease\Guava\Unhealthy_Guava\phosphorus\no117.jpg,Phosphorus_Deficiency,89,85,55,26.6719835,76.48541655,6.275384607,91.73358569,23.961921889132327,2,9.489963537005456,6.471867507081958,434.6634446272299,7.132663443718712,5,14.230284349836808,14.554253532748984,169.99995393891058,3,3.0680263490406534,3,1.1244899065431468,1.8627753862482053,0.241891911423136,0.2529161088300949,0.1102360972575072,0.2303027437988696,Moderate_Risk
D:\Download1\Multi_Crop_Leaves_Disease\Multi_Crop_Leaves_Disease\Papaya\Unhealthy_papaya\Nitrogen\nitrogen_leaf_spot.jpg,Nitrogen_Deficiency,26,32,32,30.91471455,49.92963856,6.810186079,90.14047759,18.13417431721645,2,10.786094478493714,12.165794691961953,391.15060316805,1.7447592480205665,4,12.203680850445496,66.37333138441791,123.88094527863902,1,18.86352112637033,2,17.774300117131304,3.315351680940747,0.3262757630901458,0.2467496545237943,0.2275766159605105,0.2260798946571846,Moderate_Risk
D:\Download1\Multi_Crop_Leaves_Disease\Multi_Crop_Leaves_Disease\Guava\Unhealthy_Guava\phosphorus\no(8).jpg,Phosphorus_Deficiency,41,69,82,20.02381489,16.63294455,6.715587232,68.97806542,28.250741125292,2,6.918300610057977,7.1339305723449975,371.7952683514761,9.644479873220307,2,11.276553952503424,39.82218398020191,143.98815300871024,2,35.64737313376752,1,23.94888080249505,3.30853536441194,0.0609933615357023,0.2670108481498826,-0.031795968545849,0.1819224416740979,Moderate_Risk
D:\Download1\Multi_Crop_Leaves_Disease\Multi_Crop_Leaves_Disease\Guava\Unhealthy_Guava\pottasium\no(8).jpg,Potassium_Deficiency,103,33,25,27.10210397,55.7497332,6.911066044,139.5013171,15.577928881206464,3,11.050800992437654,6.396214529677968,374.8130436211387,9.630145044867614,4,12.729657811177278,61.64521246539113,93.76314280269176,1,42.78385548913406,1,25.125033705292378,4.838865636424938,0.1885150979295672,0.1807468629298206,0.1272944738931642,0.1728083247877492,Moderate_Risk
D:\Download1\Multi_Crop_Leaves_Disease\Multi_Crop_Leaves_Disease\Castor\Unhealthy_castor\Pottassium\IMG_4948.jpg,Potassium_Deficiency,4,67,25,23.78709569,24.35679348,5.948164454,119.6404412,29.676942328809936,3,10.509278509472324,3.8787404725077335,389.0243582070784,1.0135505223405297,6,11.474576084093766,77.29511142154314,162.8530689133645,1,43.60277061675277,3,13.95272581532926,1.3349461335052468,0.0443018902928554,0.1871085733193785,-0.0311996700547237,0.1564030020199493,Moderate_Risk
D:\Download1\Multi_Crop_Leaves_Disease\Multi_Crop_Leaves_Disease\Brinjal\Unhealthy_brinjal\Pottasium\pottasium_spider mite (8).jpg,Potassium_Deficiency,11,60,23,27.33684386,88.50229102,7.033012777,51.09802625,16.993429954823718,2,9.895989418026428,12.357501399148472,366.05096457463696,7.105378195397041,6,13.303504772930207,62.516098268209085,178.86914690043935,3,41.95858344665193,3,23.42928900309569,2.954418827793757,0.2824402931464675,0.2453419073742973,0.1294679759880817,0.2329868779945205,Moderate_Risk
D:\Download1\Multi_Crop_Leaves_Disease\Multi_Crop_Leaves_Disease\Papaya\Unhealthy_papaya\magnesiuam\magnesium.jpeg,Magnesium_Deficiency,59,62,49,43.36051537,93.35191636,6.941496806,114.778071,28.77414580138868,1,8.87551048853432,1.013899193577854,359.25108074627644,8.032944307166947,1,18.824119163729915,89.61166749060816,81.9316744947925,1,27.126745352429666,3,37.01121006327831,1.1663237104469937,0.206659179017266,0.2599201347777303,0.0959575286991554,0.2326937725300763,Moderate_Risk
D:\Download1\Multi_Crop_Leaves_Disease\Multi_Crop_Leaves_Disease\Castor\Unhealthy_castor\Pottassium\IMG_4947.jpg,Potassium_Deficiency,52,56,85,20.1187446,14.44228303,6.81712422,88.68168643,11.656547185356438,2,10.4822757686118,15.711767524414558,364.3128827047885,3.923412629894676,5,14.953278737396838,79.01579291080839,197.01967181900736,2,45.74301912923368,3,48.79919369825747,4.46227898298532,0.1685546876480365,0.1655391649895669,0.0309696309495351,0.1472350515955142,Moderate_Risk
D:\Download1\Multi_Crop_Leaves_Disease\Multi_Crop_Leaves_Disease\Papaya\Unhealthy_papaya\magnesiuam\mag4.jpg,Magnesium_Deficiency,21,137,196,23.6119202,91.70293849,5.812781806,123.5900822,27.128445818141675,2,11.171347054570935,7.122758635695847,352.325646860025,5.017100156545027,2,5.487048847995643,30.36065987718621,93.02423841221172,1,32.6511251720023,3,16.368409118904992,2.4760199736385102,0.241891911423136,0.2529161088300949,0.1102360972575072,0.2303027437988696,Moderate_Risk
D:\Download1\Multi_Crop_Leaves_Disease\Multi_Crop_Leaves_Disease\Guava\Unhealthy_Guava\Magnesium\magnes16.png,Magnesium_Deficiency,120,16,51,27.99901833,91.64193051,6.547041903,23.28618248,27.211679894626176,3,10.77387706506159,1.514685825955171,373.0234971301738,9.861717075859454,1,12.791451058527269,91.3489736746868,122.47174379802878,2,15.870121676044802,2,60.88704193758638,2.466909482668857,0.1224027948746228,0.1807391846185329,0.1058905565544218,0.1495139545635362,Moderate_Risk
D:\Download1\Multi_Crop_Leaves_Disease\Multi_Crop_Leaves_Disease\Papaya\Unhealthy_papaya\Pottasium\pottasium1.jpg,Potassium_Deficiency,101,33,33,26.97251562,62.0183627,6.908671379,142.8610793,13.803873596397116,3,8.167869320141943,9.245461706769673,395.21538339259575,5.433539466539919,2,14.27072427384216,2.886482133037094,169.0513042392963,2,15.742623579605135,3,92.33155479967937,2.04930024802155,0.264145394927437,0.2438675656749681,0.1046819245543362,0.2328539300626018,Moderate_Risk
D:\Download1\Multi_Crop_Leaves_Disease\Multi_Crop_Leaves_Disease\Brinjal\Unhealthy_brinjal\Magnessium\no(20).jpg,Magnesium_Deficiency,98,26,52,27.33897716,90.69759008,6.150090899,28.69113835,17.276004022599764,2,9.381572324379013,12.501276558513158,357.04673209926955,6.418925587904132,3,6.8125564812920585,67.13482843140206,133.24279479028075,2,21.34579603434077,3,60.12253684150461,4.120247848707674,0.2739914727553982,0.2281002962763569,0.1579339609079376,0.2037544412801399,Moderate_Risk
D:\Download1\Multi_Crop_Leaves_Disease\Multi_Crop_Leaves_Disease\Papaya\Unhealthy_papaya\Pottasium\test5.jpg,Potassium_Deficiency,98,35,18,23.79746068,74.82913698,6.252797548,91.76337172,22.6919053080773,1,7.98570892490657,5.310167614140995,431.1193253745016,6.160676196620697,1,19.932663074827303,53.36238643447064,175.05313499022634,1,9.796705667526378,1,1.292525891338303,4.450859980605886,0.2342835513386173,0.1739832956119981,0.1789467805591843,0.1590579625738894,Moderate_Risk
D:\Download1\Multi_Crop_Leaves_Disease\Multi_Crop_Leaves_Disease\Guava\Unhealthy_Guava\phosphorus\no(7).jpg,Phosphorus_Deficiency,37,62,17,25.68576704,69.84354028,7.121254928,74.62068748,20.951075117301148,1,9.075074750605662,14.961016299953304,433.3421811734861,8.012997123792033,4,9.340832653703146,79.46337659585481,199.25068069960747,1,22.367383168793044,3,82.755005274053,2.169968948459448,0.3116058498433412,0.2442374159652877,0.1431502344702052,0.2313707658222183,Moderate_Risk
D:\Download1\Multi_Crop_Leaves_Disease\Multi_Crop_Leaves_Disease\Brinjal\Unhealthy_brinjal\Pottasium\pottasium_spider mite (5).jpg,Potassium_Deficiency,27,71,24,31.46417866,48.17631461,7.064973419,165.405354,16.833088612854667,1,9.719712245085152,9.207350550530762,386.8054235053354,6.415453096399448,2,10.810086805519596,7.863461668268989,79.9700454526329,1,16.15480066483172,2,44.31711482019029,2.104668243475422,0.2859045636145876,0.2411248677935974,0.1610134472505438,0.2133056951871573,Moderate_Risk
D:\Download1\Multi_Crop_Leaves_Disease\Multi_Crop_Leaves_Disease\Papaya\Unhealthy_papaya\magnesiuam\t2.jpg,Magnesium_Deficiency,26,27,10,28.06903173,92.91487288,6.079998496,114.1339416,26.9054708327141,3,11.857353603072577,1.687044593065263,397.7173662554347,4.70365434126594,4,15.073197324958786,15.737003462095512,165.86602552643964,1,47.80287266540321,3,56.0014901012154,1.899256715514385,0.2732179438138949,0.2483949634943881,0.1346063305226855,0.2313399403736322,Moderate_Risk
D:\Download1\Multi_Crop_Leaves_Disease\Multi_Crop_Leaves_Disease\Brinjal\Unhealthy_brinjal\Pottasium\pottasium_spider mite (4).jpg,Potassium_Deficiency,30,30,35,25.00872392,95.59224018,6.001936419,165.8092179,11.009555763380677,1,7.12754520742984,14.119915343746596,403.9513641256721,7.809220331832718,6,14.221272592623643,48.76937550860684,167.7721023607175,3,11.2935824687049,1,40.26866798805755,3.914909181777554,0.2378029825833369,0.2661363931867267,0.1253992620083461,0.2322630797830034,Moderate_Risk
D:\Download1\Multi_Crop_Leaves_Disease\Multi_Crop_Leaves_Disease\Guava\Unhealthy_Guava\Magnesium\no(5)1.jpg,Magnesium_Deficiency,89,47,38,25.52468965,72.24850829,6.002524871,151.8869972,17.767683965423615,2,9.24746776742683,14.680317390318269,420.1000900008126,8.75845417057526,3,7.997518618377588,52.91560582796904,90.71533074830155,2,43.10518429596646,3,69.66298346028168,2.224105952873145,0.2731323500682599,0.2392941669106476,0.1217847154772177,0.2293273275541327,Moderate_Risk
D:\Download1\Multi_Crop_Leaves_Disease\Multi_Crop_Leaves_Disease\Brinjal\Unhealthy_brinjal\Pottasium\pottasium_spider mite (2).jpg,Potassium_Deficiency,61,60,15,24.87502824,68.74248334,6.265564338,91.26056654,21.26041449846777,3,7.077418010925226,18.38791521505286,444.7979525227851,4.640238746835432,2,14.25565105036076,8.67008251978656,107.43116395731514,3,37.54157773631281,3,46.6022956628057,2.424669745784972,0.2560103776977602,0.2401027672046924,0.1232370839366175,0.231265954356447,Moderate_Risk
D:\Download1\Multi_Crop_Leaves_Disease\Multi_Crop_Leaves_Disease\Cumin\Unhealthy_Cumin\insect_infection\IMG_8819.jpg,Pest_Damage,99,57,35,26.75754171,81.17734011,5.960370061,272.2999056,20.463412227529027,1,6.288513600129082,15.68068087321974,414.95432438786736,9.040013385591829,6,6.191903207615072,2.7200192410222424,185.9919749922708,2,2.1033043307092605,1,97.66742866354488,3.86799401207321,0.2859045636145876,0.2411248677935974,0.1610134472505438,0.2133056951871573,Moderate_Risk
D:\Download1\Multi_Crop_Leaves_Disease\Multi_Crop_Leaves_Disease\Guava\Unhealthy_Guava\phosphorus\phosphoreus.jpg,Phosphorus_Deficiency,28,58,81,17.47500984,16.54314829,6.18042747,93.35034262,12.154437978074892,1,6.789587059964622,16.672068071226292,396.1329714869652,4.5995278560711546,3,15.010946080969951,53.56735875923256,64.51951608323938,3,49.7797569179059,2,64.45630231612026,3.41867786828623,0.2893795479460609,0.1906915147484287,0.1288556813902201,0.1684951579369566,Moderate_Risk
D:\Download1\Multi_Crop_Leaves_Disease\Multi_Crop_Leaves_Disease\Castor\Unhealthy_castor\Peast_disease\WhatsApp Image 2026-03-31 at 11.05.09 AM (2).jpeg,Pest_Damage,56,76,16,28.27265858,61.18956161,7.513151076,63.29900785,23.69212809400546,1,11.494125703307342,4.132629667025885,406.61388084726906,3.752811102969332,4,11.642250662882413,31.41998747971848,155.85935528792442,2,45.90979430963916,1,49.25854292423458,1.0399064943927474,0.277307261343369,0.144664194428088,0.1717730013633613,0.1289819655214998,Moderate_Risk
D:\Download1\Multi_Crop_Leaves_Disease\Multi_Crop_Leaves_Disease\Guava\Unhealthy_Guava\phosphorus\no(4).jpg,Phosphorus_Deficiency,14,37,15,27.96235681,83.97586797,6.581351374,48.9366954,24.404918822352524,3,7.121041597292145,18.21332158201602,384.344735927687,2.878720402127975,4,8.180664789164245,67.24167478095501,109.80672690326148,2,41.33611866456904,3,6.580660894974011,4.800520508152797,0.264145394927437,0.2438675656749681,0.1046819245543362,0.2328539300626018,Moderate_Risk
D:\Download1\Multi_Crop_Leaves_Disease\Multi_Crop_Leaves_Disease\Brinjal\Unhealthy_brinjal\Pottasium\How To Grow Eggplant And Tricks To Get More Fruit.jpg,Potassium_Deficiency,118,45,23,23.37044424,77.43198948,7.977651226,71.67870701,27.146712359936515,1,7.048998021004702,9.663174629190683,386.2054331027368,6.300996280001526,4,6.90310627082483,52.73674984778831,198.2633189264652,1,48.29346606170724,1,36.62356957228623,1.1517124601557778,0.2354893529628829,0.1572933472543721,0.1402368932221714,0.147387833343762,Moderate_Risk
D:\Download1\Multi_Crop_Leaves_Disease\Multi_Crop_Leaves_Disease\Brinjal\Unhealthy_brinjal\Nitrogen\Nitrogen3.jpg,Nitrogen_Deficiency,35,128,205,21.07273439,93.56585985,6.041053829,107.8737015,19.771778480633905,2,10.171859964204776,3.784421171922141,381.1252362188088,6.442526438876141,1,10.684494248150756,32.34621816218971,160.5700206671807,2,5.1861040797590965,3,37.81441834547138,1.5703249892899636,0.2836385915322745,0.2342608634816543,0.1265983849350097,0.2228744401321093,Moderate_Risk
D:\Download1\Multi_Crop_Leaves_Disease\Multi_Crop_Leaves_Disease\Brinjal\Unhealthy_brinjal\Magnessium\magne17.png,Magnesium_Deficiency,82,26,47,28.50416396,93.46806467,6.565312653,24.20007242,15.657421669721185,1,11.676280822703465,2.377220350584097,366.5140054861114,8.399343299512463,4,5.072500815542467,25.59491076272401,185.8120390273185,1,14.429855160047268,2,46.01182656696574,2.9974512535123834,0.3023325399209414,0.2444755220740902,0.1368173942667024,0.2333491151251259,Moderate_Risk
D:\Download1\Multi_Crop_Leaves_Disease\Multi_Crop_Leaves_Disease\Guava\Unhealthy_Guava\pottasium\no(5).jpg,Potassium_Deficiency,7,40,17,31.2123945,40.92604945,8.532078733,53.78769958,17.69495169682302,2,10.086239746582743,11.552296876402464,405.94158883996624,2.591764083351064,1,17.976091007509233,49.7830802187736,100.9275705422738,1,31.09959910432035,2,60.587880462409686,1.93553130130438,0.2406021588420057,0.2328317529636904,0.1193663330965081,0.2056884453002807,Moderate_Risk
D:\Download1\Multi_Crop_Leaves_Disease\Multi_Crop_Leaves_Disease\Castor\Unhealthy_castor\Pottassium\IMG_4953.jpg,Potassium_Deficiency,14,48,21,29.24598976,84.80084105,6.991242362,53.43228915,19.57807918709891,1,10.914421376849694,19.65807546294472,357.8642892123429,4.632358651620411,1,5.741850218873673,36.62305958108599,153.95309928980754,1,43.47985417292708,2,72.74584219996268,4.082057289838618,0.3009015997760803,0.2495582271901875,0.1321721853589529,0.2408648298882668,Moderate_Risk
D:\Download1\Multi_Crop_Leaves_Disease\Multi_Crop_Leaves_Disease\Brinjal\Unhealthy_brinjal\Pottasium\pottasium1.jpg,Potassium_Deficiency,36,38,15,28.36363858,87.59810657,6.320662012,57.99524359,10.419889465405207,2,6.884132627238562,13.266390532950725,383.6512922648041,2.7280096516060537,3,14.82858880096748,84.23016970287026,152.79123219406466,1,20.259843710324333,3,71.05751756121816,4.128275988692238,0.3440804061597403,0.2281597786484006,0.2045010326783086,0.2173975308412228,Moderate_Risk
D:\Download1\Multi_Crop_Leaves_Disease\Multi_Crop_Leaves_Disease\Papaya\Unhealthy_papaya\magnesiuam\img2.jpg,Magnesium_Deficiency,99,6,46,28.61475136,94.22253035,6.39637861,28.98574189,22.45000076480462,2,9.958328659406366,4.93926264472025,401.6464423611608,4.041363637254262,3,6.957555874770313,5.150475976178504,110.55182732646747,3,28.791309684197262,3,54.97921380732518,3.705755697053242,0.2817669606647497,0.2435102097429992,0.1733668121978991,0.228551734536775,Moderate_Risk
D:\Download1\Multi_Crop_Leaves_Disease\Multi_Crop_Leaves_Disease\Brinjal\Unhealthy_brinjal\Pottasium\spider_mite14.jpg,Potassium_Deficiency,53,55,55,33.32315744,91.25271223,6.709668804,234.496633,24.095735927477847,1,6.613956303206415,8.198115035106019,410.4029842986661,4.493367579564108,1,15.912671018677674,9.13870491309382,95.49500531647568,3,20.466353553402044,2,30.023342556457656,4.296252487702731,0.1774924631679791,0.208722154121505,0.0895066590102822,0.1681969598024925,Moderate_Risk
D:\Download1\Multi_Crop_Leaves_Disease\Multi_Crop_Leaves_Disease\Brinjal\Unhealthy_brinjal\Pottasium\spider_mite31.jpg,Potassium_Deficiency,7,63,24,19.55750776,64.45268309,6.818681086,53.04669416,28.703481602002075,1,6.989636769606996,18.27946227694952,384.88349336278617,2.670690451669968,6,6.679976796214723,79.41792450521413,157.9013663391306,1,44.86167898991568,3,30.40239450327969,1.0848313235463038,0.1933973162897838,0.2433654367139655,0.0980130871224033,0.1873698002403342,Moderate_Risk
D:\Download1\Multi_Crop_Leaves_Disease\Multi_Crop_Leaves_Disease\Papaya\Unhealthy_papaya\Nitrogen\early_nutient.jpg,Nitrogen_Deficiency,81,56,36,23.39605743,72.60512854,7.097586415,174.7876411,14.63885547774006,3,9.077472656154496,16.31891887906267,435.9599507861081,2.035834728763751,5,6.908954174898226,45.89259574210707,163.76032302773902,1,41.7889397801761,2,90.84126774421892,4.153582799935988,0.2458360165738611,0.2583816460757159,0.1331471351454263,0.2364737576218877,Moderate_Risk
D:\Download1\Multi_Crop_Leaves_Disease\Multi_Crop_Leaves_Disease\Castor\Unhealthy_castor\Pottassium\IMG_4956.jpg,Potassium_Deficiency,28,7,9,34.5917846,92.13229786,6.730757538,115.5650287,24.740204926385942,2,10.047253504017728,17.88530992724566,376.5914856638108,6.5549251413833804,4,16.802034184765375,30.887002304879484,101.21400155139924,2,19.07171393255254,2,14.492699234510342,2.0984153728082933,0.2335999928496786,0.2545037641668573,0.1048587621248318,0.2324677992866287,Moderate_Risk
D:\Download1\Multi_Crop_Leaves_Disease\Multi_Crop_Leaves_Disease\Brinjal\Unhealthy_brinjal\Pottasium\pottasium_spider mite (3).jpg,Potassium_Deficiency,34,61,49,28.12971499,93.3210737,6.502675132,117.8201907,20.130745125682004,2,6.564028474815308,16.534473966776076,375.65245835940925,5.087438590623886,1,8.905278575896794,73.68068397665377,163.98884187683456,3,40.36432662227764,3,15.017200746442194,2.788066871961795,0.1509165754910009,0.1723905031643897,0.0318214685301151,0.1514718093963294,Moderate_Risk
D:\Download1\Multi_Crop_Leaves_Disease\Multi_Crop_Leaves_Disease\Cumin\Unhealthy_Cumin\insect_infection\IMG_8815.jpg,Pest_Damage,20,23,11,31.8520694,90.12220323,6.407715561,109.9455062,20.02249345533638,3,6.874258310635085,18.666201351896497,409.484642538185,3.116208477313757,4,15.21157318702248,57.326149065205314,182.2686981342696,3,14.551559803824404,3,37.82239711955726,4.965341750901319,0.0843195498765195,0.2366691737931782,-0.0243944324422046,0.1755565268516987,Moderate_Risk
D:\Download1\Multi_Crop_Leaves_Disease\Multi_Crop_Leaves_Disease\Papaya\Unhealthy_papaya\Pottasium\pottasium2.jpg,Potassium_Deficiency,21,39,20,27.06179658,52.3003173,7.388007483,60.74583498,19.13251841260769,3,5.6354975044578,7.464662211915554,413.414546842176,5.412942836205235,3,5.28313780163118,42.21803502522268,140.37095176599914,3,28.0869786332413,2,52.915298472868685,3.545946938263496,0.3059136883892304,0.248130481359388,0.1608305351660706,0.2340054518168561,Moderate_Risk
D:\Download1\Multi_Crop_Leaves_Disease\Multi_Crop_Leaves_Disease\Cumin\Unhealthy_Cumin\insect_infection\insect13.png,Pest_Damage,14,59,22,23.82723528,67.89815262,6.76660668,46.90725077,12.58014397703456,3,5.640233975690396,9.272559366739133,396.2863056159336,1.995847090284123,1,7.270986292908939,12.116362071525998,59.967085749731545,1,36.059081687586186,2,68.03778561239437,3.940962900095362,0.1509165754910009,0.1723905031643897,0.0318214685301151,0.1514718093963294,Moderate_Risk
D:\Download1\Multi_Crop_Leaves_Disease\Multi_Crop_Leaves_Disease\Guava\Unhealthy_Guava\pottasium\no(7).jpg,Potassium_Deficiency,36,61,21,34.53823889,39.04468913,5.617008201,168.5948318,17.175231257937416,2,5.17609379355275,15.794662985790032,381.14090935232247,4.64800613414549,3,12.858562908312669,64.13971403172899,140.8788773030001,3,14.957078827033865,2,69.05478630822344,1.8626027002045924,0.2707999407821486,0.2306889187584377,0.3443549846638247,0.1679874634385027,Moderate_Risk
D:\Download1\Multi_Crop_Leaves_Disease\Multi_Crop_Leaves_Disease\Papaya\Unhealthy_papaya\magnesiuam\magnesium3.jpg,Magnesium_Deficiency,10,75,17,18.43966037,68.05394959,7.732194788,39.00992137,10.27365136861986,2,8.474102929447048,2.715976683101875,372.4430642398528,6.013797166523013,2,15.723457893185447,82.07842976595529,117.79350826302276,1,36.501071460514304,1,73.93491461744216,3.270412719818772,0.2353515183612222,0.1738256971600038,0.1800627644596147,0.1587579343829829,Moderate_Risk
D:\Download1\Multi_Crop_Leaves_Disease\Multi_Crop_Leaves_Disease\Castor\Unhealthy_castor\Pottassium\IMG_4957.jpg,Potassium_Deficiency,2,38,18,27.53632932,89.92908171,6.619891498,45.48591922,22.575228491367987,1,7.443793519035861,8.666745176496258,400.7704377996208,5.221483058041268,1,14.854601615602014,37.48095352646765,154.56542616742786,1,7.129856308733756,2,29.2355721649106,3.298679928538759,0.1303953115767055,0.2649999128963884,0.0425355213793325,0.2144187671602639,Moderate_Risk
D:\Download1\Multi_Crop_Leaves_Disease\Multi_Crop_Leaves_Disease\Guava\Unhealthy_Guava\phosphorus\no(2).jpg,Phosphorus_Deficiency,88,21,27,24.43011925,66.02411187,7.231166546,181.6368274,26.454242212497533,1,8.068528842901864,11.58470558286256,419.9904782249104,8.129205417413557,2,7.470654004508477,54.98857936836136,66.89124515598157,3,19.263454889800546,2,67.34876070877073,3.218585099934662,0.0609933615357023,0.2670108481498826,-0.031795968545849,0.1819224416740979,Moderate_Risk
D:\Download1\Multi_Crop_Leaves_Disease\Multi_Crop_Leaves_Disease\Brinjal\Unhealthy_brinjal\Magnessium\magnessium7.jpg,Magnesium_Deficiency,50,74,17,27.10053268,63.36085585,6.5408208,73.84949872,15.369051103041096,1,9.591871830187705,2.631042772258354,399.3824738253012,1.5399400895889173,6,11.229805851617144,30.086582644205507,144.0582826092894,1,46.14562639181224,2,44.09536957821069,1.6797021112964434,0.2430625370639732,0.2545635177212461,0.1246337347128341,0.231146488739679,Moderate_Risk
D:\Download1\Multi_Crop_Leaves_Disease\Multi_Crop_Leaves_Disease\Papaya\Unhealthy_papaya\Pottasium\pottasium3.jpg,Potassium_Deficiency,84,40,42,26.2830571,73.35763537,6.704273839,186.6898282,29.71032072499192,2,8.922195595344332,10.893424175552031,428.5129675237852,3.427352404866317,2,6.593802686203436,46.835185865894815,70.41464777902965,1,17.195741346948136,1,8.877128923948586,3.722566482574365,0.2458360165738611,0.2583816460757159,0.1331471351454263,0.2364737576218877,Moderate_Risk
D:\Download1\Multi_Crop_Leaves_Disease\Multi_Crop_Leaves_Disease\Guava\Unhealthy_Guava\Magnesium\magnes15.png,Magnesium_Deficiency,39,37,15,28.9973145,83.78911515,6.821747052,59.84499208,29.033398635116285,2,10.29776739900633,13.88035753081864,367.2667739677519,5.893271831813116,2,11.824000668712628,90.9847461249218,150.9985254746033,2,8.660981948697316,3,28.93961190819933,4.068456607549175,0.3406615696774503,0.2429330008423081,0.2047800157328925,0.227093049422024,Moderate_Risk
D:\Download1\Multi_Crop_Leaves_Disease\Multi_Crop_Leaves_Disease\Papaya\Unhealthy_papaya\Nitrogen\nitrogen6.jpg,Nitrogen_Deficiency,37,23,12,31.52675982,90.50621806,6.395258356,113.1169398,25.43151559963759,1,8.984180250929612,16.16180591833384,354.88273356929244,8.40843928213271,2,14.125397025429086,89.85704123536237,65.0409171983259,3,48.55123189669431,3,54.3016431211033,2.506593669963315,0.1885518323586149,0.1817725222351055,0.1267947792102411,0.1729794406317434,Moderate_Risk
D:\Download1\Multi_Crop_Leaves_Disease\Multi_Crop_Leaves_Disease\Guava\Unhealthy_Guava\Nitrogen\no118.jpg,Nitrogen_Deficiency,59,55,19,31.74379487,62.51007687,7.332375138,68.97097538,18.436854100084386,2,7.677021777254691,11.882356108654577,397.8454410520954,9.667150129250674,1,16.54380697601012,93.1595494878558,198.0416735829436,1,45.58404609641952,2,80.3856593430933,3.3845534485317645,0.2704736251939677,0.2493630118727416,0.1316149149195679,0.2329566673373792,Moderate_Risk
D:\Download1\Multi_Crop_Leaves_Disease\Multi_Crop_Leaves_Disease\Guava\Unhealthy_Guava\pottasium\pottassium8.jpg,Potassium_Deficiency,90,40,39,25.72668885,81.86171563,6.626503893,191.9649389,29.94912784213244,3,5.396148610190196,13.511455649060968,377.2772137178462,4.034119518122074,2,5.500704440738595,16.871414166767686,106.32891145592926,1,7.417749045577294,1,1.4315976075256698,4.049714365698599,0.3191698996701315,0.2262528184812811,0.1352674817310186,0.2318159983447971,Moderate_Risk
D:\Download1\Multi_Crop_Leaves_Disease\Multi_Crop_Leaves_Disease\Cumin\Unhealthy_Cumin\insect_infection\insect17.png,Pest_Damage,4,59,22,29.33743412,49.00323081,8.914074888,42.44054315,21.830246552536494,1,5.653256833364102,19.512036881582947,410.0186661954925,8.617960888934881,6,15.869387861210384,47.79923600498152,75.93574860573187,2,46.01975870274492,3,43.861868275189,1.7007394457423732,0.315553342061823,0.2475809719930307,0.1408641818327258,0.2239677736293182,Moderate_Risk
D:\Download1\Multi_Crop_Leaves_Disease\Multi_Crop_Leaves_Disease\Castor\Unhealthy_castor\Peast_disease\pest_disesase16.png,Pest_Damage,78,42,42,20.13017482,81.60487287,7.628472891,262.7173405,28.23623613583561,2,8.12051188272924,19.264133422858432,410.35645777701023,5.202285434682235,3,13.852910054226465,38.811481435085696,185.25970154082896,2,47.19077674711596,3,25.466498927055326,2.578671084995216,0.2859045636145876,0.2411248677935974,0.1610134472505438,0.2133056951871573,Moderate_Risk
D:\Download1\Multi_Crop_Leaves_Disease\Multi_Crop_Leaves_Disease\Papaya\Unhealthy_papaya\Nitrogen\nitrogen3.jpg,Nitrogen_Deficiency,2,79,15,21.53577883,65.47227704,7.505283615,35.75107592,19.227672453883155,2,7.820464503866872,5.530977828947972,382.47923203170006,7.122700167611304,4,8.76288709788691,70.70320479592385,91.74046195047956,2,0.3850757628526546,3,52.84407589467291,4.9251846020066985,0.2731323500682599,0.2392941669106476,0.1217847154772177,0.2293273275541327,Moderate_Risk
D:\Download1\Multi_Crop_Leaves_Disease\Multi_Crop_Leaves_Disease\Guava\Unhealthy_Guava\phosphorus\no(11).jpg,Phosphorus_Deficiency,31,13,33,27.63834933,95.48763389,5.85971872,205.5463111,12.574152069211795,2,10.7480932106707,7.610724490453656,422.4297040073561,8.401641427601552,5,5.5423792205635785,21.559675242408115,80.29805841517742,3,25.1294555536208,3,49.655719050317735,2.339315172874972,0.2780206357388302,0.2626632274064254,0.1292162634146313,0.2325004967748434,Moderate_Risk
D:\Download1\Multi_Crop_Leaves_Disease\Multi_Crop_Leaves_Disease\Brinjal\Unhealthy_brinjal\Magnessium\no(2).jpg,Magnesium_Deficiency,115,18,53,29.17052093,94.19790371,6.012480351,22.06994464,10.46651067931968,1,11.674130478799595,7.8166714465501075,388.4641805196774,2.3277365922955138,2,19.00997447664969,21.22330543948724,191.2534211555187,1,48.10492068014467,1,35.34728303248589,3.4645696453671584,0.2431500706247747,0.2604373356087065,0.0730191718906847,0.2382376646453108,Moderate_Risk
D:\Download1\Multi_Crop_Leaves_Disease\Multi_Crop_Leaves_Disease\Papaya\Unhealthy_papaya\Nitrogen\minor_nitrogen.jpeg,Nitrogen_Deficiency,29,22,43,19.66329768,87.95158129,5.561851831,106.0380805,29.19763352450463,1,5.264431242061461,8.323869112918743,408.0781043227347,4.195284082618885,3,7.400757690572969,66.8140846231147,83.04145140397361,2,21.06778293898841,2,61.06000211952305,3.562300020499192,0.206659179017266,0.2599201347777303,0.0959575286991554,0.2326937725300763,Moderate_Risk
D:\Download1\Multi_Crop_Leaves_Disease\Multi_Crop_Leaves_Disease\Castor\Unhealthy_castor\Peast_disease\pest_disesase17.png,Pest_Damage,38,19,31,34.73823882,49.08864345,5.855119268,90.65022183,25.96472700919952,2,9.974807388350705,3.619421649099097,426.9053221336568,6.234116023415303,2,17.60026116214953,77.24229548343284,83.20248043139586,2,41.60946104160847,3,79.09408939355859,4.310243370995706,0.2457429900572205,0.2567671385347508,0.1500086834832507,0.2320798510524112,Moderate_Risk
D:\Download1\Multi_Crop_Leaves_Disease\Multi_Crop_Leaves_Disease\Guava\Unhealthy_Guava\phosphorus\no(3).jpg,Phosphorus_Deficiency,52,68,78,17.48504075,16.96070581,6.89655198,86.05078037,24.623966249910847,2,8.109775352355642,9.509722211659684,424.1117933015513,7.346606373702374,3,6.1778462020034,0.9029841632646972,109.26400411388622,3,40.950019979554895,3,35.022759272092884,2.6365560044084133,0.188578516031987,0.2458282715541939,0.0512998221291121,0.1991149764075516,Moderate_Risk
D:\Download1\Multi_Crop_Leaves_Disease\Multi_Crop_Leaves_Disease\Papaya\Unhealthy_papaya\Nitrogen\nitrogen1.jpg,Nitrogen_Deficiency,111,5,47,28.03306461,91.47355778,6.274452811,21.17924769,29.718802662604123,1,8.52445084631722,18.254370637641447,445.908047381875,9.18733085761202,1,6.61198545041369,78.61176035432237,87.57735236538299,3,0.9490771023170752,2,92.66679474810697,2.007543230326648,0.2894168993435805,0.2322952849386064,0.1629572359269513,0.2130998517782692,Moderate_Risk
D:\Download1\Multi_Crop_Leaves_Disease\Multi_Crop_Leaves_Disease\Brinjal\Unhealthy_brinjal\Pottasium\no(4).jpg,Potassium_Deficiency,7,17,26,34.89226666,48.75613373,6.414526606,91.63074547,17.71277351180151,1,5.325111925681399,3.4765201330276096,375.25961144540406,6.222592932148673,4,10.00877819645267,70.56134789190057,103.9023372108404,2,6.836079498180775,1,46.58566333826983,2.267363205542213,0.0609933615357023,0.2670108481498826,-0.031795968545849,0.1819224416740979,Moderate_Risk
D:\Download1\Multi_Crop_Leaves_Disease\Multi_Crop_Leaves_Disease\Guava\Unhealthy_Guava\Magnesium\magnesium4.jpg,Magnesium_Deficiency,10,79,18,21.0643684,55.46985938,5.624731338,184.6226709,11.474456310853924,1,7.730261399553752,2.9450354718127603,449.3885939127531,2.1318046566072923,6,5.878450604102734,10.395513720240036,52.41205256248171,1,4.861199048302972,2,73.210630391249,4.519996524081275,0.0853276461400136,0.2239265326313127,0.0159940017616863,0.1838662648923174,Moderate_Risk
D:\Download1\Multi_Crop_Leaves_Disease\Multi_Crop_Leaves_Disease\Cumin\Unhealthy_Cumin\insect_infection\Black shooty Mood (1).jpg,Pest_Damage,5,136,195,22.35628673,91.92360477,6.264202804,107.7697413,20.416138917943663,1,9.769855539005494,12.73541000594503,378.7577992835709,7.934085643947292,4,11.851252902103,60.13613001589574,110.10457348712976,1,48.317640004432455,1,35.83278739097322,4.988039444453781,0.2755969741872947,0.2399890389012656,0.1469595464474191,0.2262117701791685,Moderate_Risk
D:\Download1\Multi_Crop_Leaves_Disease\Multi_Crop_Leaves_Disease\Brinjal\Unhealthy_brinjal\pest_damage\pest_damage112.jpg,Pest_Damage,39,58,85,17.88776475,15.40589717,5.996932037,68.54932919,10.333280500159196,3,9.041096449529492,18.26306122279912,386.1343574840493,9.379368392579806,3,17.48414845121379,38.18364849343664,144.33491944585325,2,41.70058183062172,3,81.63991031531191,3.851439578709019,0.2215173692271541,0.2493660454341426,0.1038821674189442,0.2107735326470975,Moderate_Risk
D:\Download1\Multi_Crop_Leaves_Disease\Multi_Crop_Leaves_Disease\Papaya\Unhealthy_papaya\magnesiuam\img3.jpg,Magnesium_Deficiency,60,58,37,26.13871511,79.1188943,6.067302109,171.4892533,26.41942634413939,3,11.361445878468135,15.662910187543815,435.75884997288887,9.404974771471563,1,10.270208953810023,93.59315801966028,199.34446417920003,1,12.108435535070022,1,64.09621659221952,2.932772605210914,0.2822329655462026,0.245481484018449,0.1908338404292954,0.2087397729690293,Moderate_Risk
D:\Download1\Multi_Crop_Leaves_Disease\Multi_Crop_Leaves_Disease\Papaya\Unhealthy_papaya\Pottasium\pottasium8.jpg,Potassium_Deficiency,7,141,195,23.8812458,93.45067555,5.514253142,104.9116663,29.610669156605724,3,5.635475174501436,13.549388315241156,400.24912328368384,8.252349438205663,6,19.45496934264777,5.462051716870175,81.90678243999565,1,42.715315197679786,1,77.01631924384664,1.3085385402298986,0.0019490522359646,0.1897723449101753,-0.065063426712582,0.1509606675054114,Moderate_Risk
D:\Download1\Multi_Crop_Leaves_Disease\Multi_Crop_Leaves_Disease\Guava\Unhealthy_Guava\pottasium\pottassium7.jpg,Potassium_Deficiency,32,70,20,20.89342749,46.24856523,6.208843215,195.5697875,16.034651062413694,2,7.597466618249813,18.09252224578785,444.4346372200027,7.488783633732893,4,17.358501503782144,54.96703957988509,56.246533803522006,2,30.48635653692184,1,7.968255405879954,4.676194814949666,0.3325162156401922,0.2438143442032926,0.1986120384299744,0.2295495292154637,Moderate_Risk
D:\Download1\Multi_Crop_Leaves_Disease\Multi_Crop_Leaves_Disease\Guava\Unhealthy_Guava\Nitrogen\no(14).jpg,Nitrogen_Deficiency,61,53,43,26.40323239,81.05635517,6.349606327,223.3671883,28.761611146685205,1,10.212025418448317,5.067830179901323,387.74246291258265,9.60990064731802,4,17.63028251830553,6.947564227419035,94.50164703380148,3,31.01741999333536,1,57.30462164897895,4.556014599317104,0.1774924631679791,0.208722154121505,0.0895066590102822,0.1681969598024925,Moderate_Risk
D:\Download1\Multi_Crop_Leaves_Disease\Multi_Crop_Leaves_Disease\Papaya\Unhealthy_papaya\magnesiuam\How to Grow Papaya in Pots from Seeds - Complete Guide - Homestead Gardener.jpg,Magnesium_Deficiency,87,28,30,25.60153969,68.66257977,6.536676653,168.8383605,13.881553404963675,2,5.686624894851892,15.176478570438343,379.33956966204863,4.50524847018094,4,15.615052141826004,23.850571517281704,148.19280414683715,3,16.812477345191922,1,98.92645001277512,1.1590750571469184,0.1740446321096135,0.2654496340665807,0.068135077164609,0.2222339198088719,Moderate_Risk
D:\Download1\Multi_Crop_Leaves_Disease\Multi_Crop_Leaves_Disease\Papaya\Unhealthy_papaya\Pottasium\pottassium6.jpg,Potassium_Deficiency,100,46,18,24.18586246,76.04203958,6.431689506,69.08056728,13.46017893156329,3,6.769630559847569,11.926986090826182,374.0821407480896,7.468823608217285,5,19.379321381251906,76.41057578574383,56.82282248985309,3,48.34980529262561,3,0.0732771551713473,4.032387994778632,0.2971892578054474,0.24863258095887,0.1866152340696324,0.2243119947317406,Moderate_Risk
D:\Download1\Multi_Crop_Leaves_Disease\Multi_Crop_Leaves_Disease\Papaya\Unhealthy_papaya\Pottasium\IMG-20260324-WA0016.jpg,Potassium_Deficiency,17,43,22,30.06142622,45.90067655,5.498340808,41.0550915,11.44540723379362,1,10.380958989041844,14.15038244161268,414.6402456940078,1.0482189720748183,4,13.108703325371785,94.10709396744404,133.98597976313476,3,33.375535746664255,2,67.53866777645185,3.785712247268485,0.3159543342442221,0.2448971475198212,0.21842126100375,0.2269726565970364,Moderate_Risk
D:\Download1\Multi_Crop_Leaves_Disease\Multi_Crop_Leaves_Disease\Papaya\Unhealthy_papaya\magnesiuam\test2.jpg,Magnesium_Deficiency,29,25,14,30.49183837,90.4582865,7.781988584,113.3302105,15.540157561344648,1,11.38975876585445,2.6953499542897297,363.7281182779157,5.2822752983622,4,15.758517471143774,83.86533690705689,176.2610977771576,3,2.9100869578331245,3,94.02367370079484,4.8340036312968975,0.3191698996701315,0.2262528184812811,0.1352674817310186,0.2318159983447971,Moderate_Risk
D:\Download1\Multi_Crop_Leaves_Disease\Multi_Crop_Leaves_Disease\Castor\Unhealthy_castor\Peast_disease\pest_disease1.jpg,Pest_Damage,118,33,30,24.13179691,67.22512329,6.362607851,173.3228386,28.98917552954813,3,11.097182116394928,13.842015985356811,360.48260538132587,1.5996140522008162,5,12.95667508217523,79.67865796464093,86.72438065470436,2,38.80588845091605,3,41.78272921121084,2.4470104278279448,0.2264241136066709,0.2424117896575513,0.0851711418077959,0.2293237878923609,Moderate_Risk
D:\Download1\Multi_Crop_Leaves_Disease\Multi_Crop_Leaves_Disease\Brinjal\Unhealthy_brinjal\Nitrogen\Nitrogen7.jpg,Nitrogen_Deficiency,23,45,23,28.77653519,86.69133979,6.983130466,56.12443206,26.96349884726317,3,6.358876678063082,8.737910097302361,397.7465295272182,1.8892128620285544,6,17.070357510114743,7.996987706132952,160.16413606534178,1,0.5905335264858425,2,12.960066683772196,1.169250477571831,0.2449503170655981,0.2374728808700787,0.1028266327682163,0.2239510727181713,Moderate_Risk
D:\Download1\Multi_Crop_Leaves_Disease\Multi_Crop_Leaves_Disease\Castor\Unhealthy_castor\Pottassium\IMG_4954.jpg,Potassium_Deficiency,34,16,25,30.07202564,50.96040505,6.10729559,92.09609766,20.715076606168907,3,11.357735837490596,12.868205321779758,411.23663209182325,7.187704113845516,4,16.0936163429313,15.06515034204944,133.2872655603867,3,15.268934476082936,1,24.769198947326053,4.071821805484809,0.2312050898314885,0.2329325333473289,0.1251034894366806,0.2073777625023294,Moderate_Risk
D:\Download1\Multi_Crop_Leaves_Disease\Multi_Crop_Leaves_Disease\Guava\Unhealthy_Guava\pottasium\pottassium6.jpg,Potassium_Deficiency,91,7,52,25.07803672,83.46230461,6.405054243,56.39962921,12.398640117408124,1,10.868039920191867,17.316863646839987,419.6800277593165,6.613028074714131,4,6.798963137732608,86.24981188262514,188.82342966762656,1,6.203623365148419,1,80.63467938126219,3.832518319734594,0.3264500663045614,0.2310191756905625,0.1442676251510492,0.2325704246706492,Moderate_Risk
D:\Download1\Multi_Crop_Leaves_Disease\Multi_Crop_Leaves_Disease\Brinjal\Unhealthy_brinjal\Magnessium\magne14.png,Magnesium_Deficiency,26,11,11,13.70319166,90.95589386,7.609348255,106.2944879,20.54809814425508,2,6.444050705537716,4.149650513655145,367.19701820321575,7.463924406158924,6,7.142349060158192,50.36402731589222,132.56550711881744,1,34.72324376152116,3,96.0895920184774,1.8285835461149416,0.2141129034440985,0.2396873329667701,0.1004537600988383,0.2204657345662688,Moderate_Risk
D:\Download1\Multi_Crop_Leaves_Disease\Multi_Crop_Leaves_Disease\Guava\Unhealthy_Guava\pottasium\no.jpg,Potassium_Deficiency,88,29,51,24.71885473,88.94568335,6.095689937,48.45978627,20.02658110656892,3,9.375478185503688,10.31176461654772,411.3653356542639,7.185595573512529,4,12.97604300804192,51.9748868593766,190.4045172655387,3,25.74300943332897,3,92.3988818325925,2.491773188485261,0.1543886316108725,0.1691032886225796,0.0882189739370302,0.1494257136908455,Moderate_Risk
D:\Download1\Multi_Crop_Leaves_Disease\Multi_Crop_Leaves_Disease\Brinjal\Unhealthy_brinjal\Magnessium\magnessium1.jpg,Magnesium_Deficiency,113,6,52,27.76317235,90.35567642,6.740983646,25.21609113,10.423127337590763,2,9.452678285421902,7.112187164652786,429.2625994355992,1.7435717491639868,2,17.09626896369859,89.99534546775618,132.41378417742283,3,26.962124619137978,3,79.57749911981355,1.1081705417334264,0.1509165754910009,0.1723905031643897,0.0318214685301151,0.1514718093963294,Moderate_Risk
D:\Download1\Multi_Crop_Leaves_Disease\Multi_Crop_Leaves_Disease\Papaya\Unhealthy_papaya\magnesiuam\magnesium4.jpg,Magnesium_Deficiency,120,48,16,22.46054478,75.40989245,7.456971816,71.85436078,19.11463327968256,2,7.231303593125018,3.795707815784852,441.9517549248638,7.0427733643497445,5,16.89087111460446,64.98478526789985,59.79659947949696,1,40.4709250429555,1,8.286654204706457,4.562280408280323,0.2918146086924087,0.242052860736266,0.1127849244559271,0.2320598156942361,Moderate_Risk
D:\Download1\Multi_Crop_Leaves_Disease\Multi_Crop_Leaves_Disease\Guava\Unhealthy_Guava\pottasium\test1.jpg,Potassium_Deficiency,92,21,48,25.81692236,82.043255,6.377427122,54.82963379,19.777561369107943,3,6.3803952441017,16.717455024668855,432.2430466489977,3.494754945175141,4,8.603747389969428,5.923853939317436,74.06432056298912,1,36.43048610228846,2,31.13373207034348,4.819795995897783,0.2706677808193118,0.2431986158843512,0.1185061790352746,0.2315650932846777,Moderate_Risk
D:\Download1\Multi_Crop_Leaves_Disease\Multi_Crop_Leaves_Disease\Castor\Unhealthy_castor\Peast_disease\pest_disesase12.png,Pest_Damage,6,37,17,28.08657178,80.35005927,6.760694228,38.14476781,29.354737294445616,3,11.087007992721738,9.664957262331916,415.82741129992985,1.3176951734269078,1,8.173172837667805,54.55277276325282,133.9913064665919,2,40.87672355012186,3,85.86355701417385,4.369280660848471,0.2585691650308123,0.2421276134553817,0.1275398666094243,0.2201743041611157,Moderate_Risk
D:\Download1\Multi_Crop_Leaves_Disease\Multi_Crop_Leaves_Disease\Cumin\Unhealthy_Cumin\insect_infection\insect16.png,Pest_Damage,111,32,34,25.46743689,69.35161206,6.392048018,171.3764462,26.42388036618837,1,5.582737093186684,3.8416527831679215,402.81011459049824,3.3894509451347945,5,17.562629008370585,47.865090077993386,186.7800739106769,1,24.530938832305253,2,35.27464384812342,4.469232980006041,0.1676629069574048,0.2131145573261431,0.0566184255085184,0.173740981263448,Moderate_Risk
D:\Download1\Multi_Crop_Leaves_Disease\Multi_Crop_Leaves_Disease\Brinjal\Unhealthy_brinjal\Pottasium\spider_mite13.jpg,Potassium_Deficiency,57,73,85,18.49311205,14.72115044,7.358099622,91.94595352,24.03726883527704,3,7.385095763010439,15.690749108817098,353.548727718767,1.0715680112887729,5,15.045096317237084,33.676846936167216,117.32934165021186,3,44.44932814010678,2,39.925280914533005,2.56867121154816,0.2485617124730027,0.2590325506816395,0.0939180050786174,0.2274439236497007,Moderate_Risk
D:\Download1\Multi_Crop_Leaves_Disease\Multi_Crop_Leaves_Disease\Brinjal\Unhealthy_brinjal\Pottasium\no(5).jpg,Potassium_Deficiency,65,60,22,25.36768364,72.52054555,6.606984086,107.9124111,15.390627022479428,1,11.342605622109431,13.228410890052553,408.2629918504056,7.741397000539391,2,16.914679824672614,83.86720481900898,163.20158796758875,2,43.69142349568697,1,31.129592541073205,4.86315181451786,0.1647878396996178,0.2470896998851705,0.0559796976397417,0.2064885365761578,Moderate_Risk
D:\Download1\Multi_Crop_Leaves_Disease\Multi_Crop_Leaves_Disease\Castor\Unhealthy_castor\Peast_disease\IMG_8861.jpg,Pest_Damage,38,15,27,33.7462686,48.50387598,6.777788126,92.26439205,20.50207888167642,1,8.842771318745514,15.283105507044304,432.9567580075293,1.964330878345144,1,5.617528391220695,10.444626282556158,53.8175605751648,2,37.49104231272193,3,61.88928289240951,2.253294618242708,0.2410820942981961,0.2584242088061317,0.0854876801628593,0.2382301328301563,Moderate_Risk
D:\Download1\Multi_Crop_Leaves_Disease\Multi_Crop_Leaves_Disease\Castor\Unhealthy_castor\Pottassium\IMG_4955.jpg,Potassium_Deficiency,34,10,14,34.05296914,92.05811721,6.725600855,116.8020848,17.506104900338258,3,9.114820452651497,8.45336227560044,358.2793320388245,8.035496694272082,3,17.141056005643904,46.767643466717104,170.98431012417248,2,22.35500151470561,3,80.9470779703431,1.2580828402296014,0.2557328745175416,0.2640159299519048,0.1297730635455898,0.2362678608317673,Moderate_Risk
D:\Download1\Multi_Crop_Leaves_Disease\Multi_Crop_Leaves_Disease\Guava\Unhealthy_Guava\pottasium\no(18).jpg,Potassium_Deficiency,31,37,21,27.23924995,86.404241,6.713410626,37.31236904,24.38779630113764,1,5.365232708100329,7.539806865431437,410.4670240035616,3.9413545681230846,5,8.624616941496363,21.98784782998433,160.4323649637663,1,2.190211023804012,2,86.96029693351545,3.0737056419770705,0.1104100944424889,0.263582507026794,0.008987166405131,0.2147934770450874,Moderate_Risk
D:\Download1\Multi_Crop_Leaves_Disease\Multi_Crop_Leaves_Disease\Castor\Unhealthy_castor\Pottassium\IMG_4941.jpg,Potassium_Deficiency,76,49,42,24.958779,84.47963372,5.206373153,196.9560008,15.672750919557645,3,10.14681184399114,9.895260931811752,423.0962709665236,6.42222247707992,3,6.765426686979041,88.5524671721141,87.01920348090971,2,5.510014012877839,3,18.33425108498282,2.243055952362575,0.2358949181794206,0.2370842163367019,0.087568812691916,0.2143335830488853,Moderate_Risk
D:\Download1\Multi_Crop_Leaves_Disease\Multi_Crop_Leaves_Disease\Guava\Unhealthy_Guava\phosphorus\no(6).jpg,Phosphorus_Deficiency,97,22,26,23.60567546,59.68849145,6.074190142,185.1568059,12.621666672039906,3,6.91387497730444,17.355367751534445,369.746464940774,4.832714863950471,5,19.566175484160148,38.85909183357593,180.4040271237194,3,42.53396483974716,3,84.74198522321528,2.697325550662706,0.2999908218418688,0.2600072790984676,0.1969379833748096,0.2264746608813793,Moderate_Risk
D:\Download1\Multi_Crop_Leaves_Disease\Multi_Crop_Leaves_Disease\Brinjal\Unhealthy_brinjal\Magnessium\magnessium5.jpg,Magnesium_Deficiency,66,69,47,23.69212243,93.61055571,6.912299695,87.53393983,18.989186141616887,3,10.481355952176196,4.5855337152387925,441.5363105686713,5.275658090605019,4,14.934250291623254,87.67793720687128,160.90684564463436,1,10.16398553599242,3,58.91784880309253,3.85447289874224,0.3911039454712699,0.2187199361260266,0.1984446706395731,0.232121548545276,Moderate_Risk
D:\Download1\Multi_Crop_Leaves_Disease\Multi_Crop_Leaves_Disease\Brinjal\Unhealthy_brinjal\pest_damage\pest.jpg,Pest_Damage,27,30,5,32.71748548,90.54608254,7.656978112,113.328978,11.768006354308664,1,6.9699264699318935,11.316674401678116,359.4114741118136,9.716501139302675,4,16.31744074513373,9.89526588465981,166.71645261209306,2,37.6103865050852,3,75.31940044338373,1.6113025466327913,0.271857662818706,0.2579144089682887,0.1170754087122319,0.2403265062939086,Moderate_Risk
D:\Download1\Multi_Crop_Leaves_Disease\Multi_Crop_Leaves_Disease\Guava\Unhealthy_Guava\Nitrogen\no(9)1.jpg,Nitrogen_Deficiency,60,36,43,23.43121862,83.06310136,5.286203711,219.9048349,24.8121987674652,1,7.1699310899608175,7.122173780010099,409.3179306793328,2.264515487202005,6,14.054509318880132,41.56000215352197,90.25123166275117,1,4.335156741635321,3,40.45347159293695,1.179476422724584,0.0410048140548447,0.2545379972079402,-0.0406000712071607,0.1824827633596159,Moderate_Risk
D:\Download1\Multi_Crop_Leaves_Disease\Multi_Crop_Leaves_Disease\Castor\Unhealthy_castor\Peast_disease\WhatsApp Image 2026-03-31 at 11.04.48 AM.jpeg,Pest_Damage,4,136,204,29.93707596,81.77713468,5.898944282,65.52279323,12.661393448287384,1,6.272751682423989,11.963985908137785,359.9507870743375,7.854175747491036,2,14.10140289237103,56.88557046207761,77.83189227854476,2,15.654898788290266,2,67.28258087046977,2.299443904511152,0.3023325399209414,0.2444755220740902,0.1368173942667024,0.2333491151251259,Moderate_Risk
D:\Download1\Multi_Crop_Leaves_Disease\Multi_Crop_Leaves_Disease\Guava\Unhealthy_Guava\pottasium\WhatsApp Image 2026-03-31 at 11.17.31 AM.jpeg,Potassium_Deficiency,57,60,84,19.1034283,17.26184541,6.586777189,75.49101167,26.772502737496232,2,10.74922772371636,19.822042342362703,408.3103542305387,4.7958284134777225,1,11.52580421177343,6.868434212639296,96.524692677145,1,12.114823267848374,1,63.088957441034566,4.574147963115351,0.2489956433917029,0.238795804168451,0.0722113933560209,0.232945111968667,Moderate_Risk
D:\Download1\Multi_Crop_Leaves_Disease\Multi_Crop_Leaves_Disease\Castor\Unhealthy_castor\Pottassium\pottasium1.jpg,Potassium_Deficiency,113,19,46,25.41864024,81.12122989,6.286387658,49.52320689,27.82512177638609,3,11.475216516480904,18.4941250256491,446.4255462848621,2.133570547520861,2,10.847954209252826,11.084107717682256,142.36409571467544,3,43.94957927534123,2,40.58998088573156,4.417890694735801,0.224360041499199,0.2661713489458572,0.0952616811061475,0.2421252033465766,Moderate_Risk
D:\Download1\Multi_Crop_Leaves_Disease\Multi_Crop_Leaves_Disease\Guava\Unhealthy_Guava\Magnesium\no(10)1.jpg,Magnesium_Deficiency,0,55,25,28.17489437,43.6672299,4.524171562,45.78172762,28.095512411051537,2,6.0274706818872446,7.0286695283335305,431.9242703409816,9.636186259991716,5,15.564519479022396,43.60529131776904,150.05138747500175,1,29.94492992452464,1,9.007733755308378,2.721114664884179,0.2336637208899354,0.2588044966161348,0.107313985034398,0.2397968207136967,Moderate_Risk
D:\Download1\Multi_Crop_Leaves_Disease\Multi_Crop_Leaves_Disease\Castor\Healthy_castor\Mamona uma planta vistosa mas perigosa.jpg,Healthy,37,70,25,19.73136909,24.89487354,5.819403771,84.06354115,11.653781873535564,3,5.739923237503676,0.6941571304388505,381.7360655651895,5.982346450055076,1,19.18676189867034,22.343136772083383,126.76347682996813,1,31.92598214116192,1,28.616658063607737,1.6314936158736382,0.1454227494311894,0.2791234531723869,0.027560993805829,0.2291233030580269,Healthy
D:\Download1\Multi_Crop_Leaves_Disease\Multi_Crop_Leaves_Disease\Brinjal\Healthy_brinjal\IMG_20260222_183659.jpg,Healthy,19,55,20,27.43329405,87.80507732,7.18530147,54.73367631,18.500345321383342,3,10.063063870844449,13.423075517640353,386.28011862144,3.9603879007253537,6,12.057229630946686,13.634623686314573,194.12622174805483,1,44.80130741269004,3,64.98613402529895,3.784947840954921,0.0766061996929917,0.2023292184492215,0.0031377798630309,0.1617083262720572,Healthy
D:\Download1\Multi_Crop_Leaves_Disease\Multi_Crop_Leaves_Disease\Cumin\Healthy_Cumin\cumin_he10.jpeg,Healthy,33,59,22,22.64236876,21.59396123,5.946999529,122.3886015,11.968096013573623,2,8.692602329140563,17.740115393218737,407.6770221531585,5.972307285777767,6,16.840705606211028,48.70216635798267,197.8552941549168,1,31.09104827543325,3,90.1951639349122,1.6579424927215287,0.3387237250640951,0.2395379315006084,0.1833302031987643,0.2306836281692489,Healthy
D:\Download1\Multi_Crop_Leaves_Disease\Multi_Crop_Leaves_Disease\Castor\Healthy_castor\caster_he11.jpg,Healthy,17,67,18,31.2192752,56.46868874,5.611510977,129.2028653,28.584563960000423,1,10.665537972205671,7.90816136550053,449.9733068383365,7.890303208779609,6,11.063283449677373,88.478642925792,158.88715414329522,3,27.7935243892657,2,18.57431828246456,1.960637218841588,0.1224027948746228,0.1807391846185329,0.1058905565544218,0.1495139545635362,Healthy
D:\Download1\Multi_Crop_Leaves_Disease\Multi_Crop_Leaves_Disease\Cumin\Healthy_Cumin\cumin_he3.jpeg,Healthy,48,62,47,25.34756111,93.02871078,6.803094965,174.4012337,22.17965115410852,1,11.265646666045278,18.654104117601072,396.6818245994328,4.231152880520806,3,6.775329697182644,93.70777460410218,175.09407966380385,2,9.1722701878795,2,13.063397614844108,4.912017992681892,0.264145394927437,0.2438675656749681,0.1046819245543362,0.2328539300626018,Healthy
D:\Download1\Multi_Crop_Leaves_Disease\Multi_Crop_Leaves_Disease\Cumin\Healthy_Cumin\Cumin seed production (2024-25)-SDAU-Jagudan (GUJ) (7).jpeg,Healthy,5,126,197,12.80000387,81.20876367,6.417500829,67.10439401,11.388349185657002,1,5.305920704380046,16.811210883275766,439.44387905158175,9.03584021230964,2,7.314279476569183,52.1248138321187,139.6791809291173,2,33.10709879124295,1,79.6415303797557,2.41152849030084,0.160852732014372,0.2111317286405189,0.0662280043266891,0.1744212931386752,Healthy
D:\Download1\Multi_Crop_Leaves_Disease\Multi_Crop_Leaves_Disease\Papaya\Healthy_papaya\IMG_8740.jpg,Healthy,81,45,35,26.52872817,80.12267476,6.158376967,218.9163567,10.664596611430836,3,10.30512371925064,1.9802437947808715,383.25166153387386,5.786553038348169,2,12.463467033144376,21.71469305735925,165.79366141632315,1,12.37146533845328,2,12.092905072536308,2.5105887784097,0.2633293767453621,0.1506667560915206,0.1698849363328183,0.1366967575116895,Healthy
D:\Download1\Multi_Crop_Leaves_Disease\Multi_Crop_Leaves_Disease\Brinjal\Healthy_brinjal\IMG_4874.jpg,Healthy,113,21,33,26.02241444,55.83288958,7.277422738,176.9020924,18.46564171808544,1,7.609507154217084,10.481325821629678,404.8419881713641,5.217395888061986,2,15.2863285902774,8.034086025467534,65.68642913016697,3,24.946083650105177,1,42.50795108554677,2.9301700188220696,0.1194579363886923,0.2270891232081161,-0.0471363110572283,0.1615135672187046,Healthy
D:\Download1\Multi_Crop_Leaves_Disease\Multi_Crop_Leaves_Disease\Papaya\Healthy_papaya\Probably the most colourful Papaya Tree ever_.jpg,Healthy,93,43,38,23.61475336,86.14290267,6.987332927,150.2355238,11.720043870140849,3,8.515349483132098,10.245721875957983,445.71728785225775,9.036817289710042,4,17.350657159236547,35.75693194773114,158.38056632585693,3,38.75843154768874,2,6.981094761541485,3.373874541095973,0.0495070425231881,0.1976372496814825,-0.0376271156063185,0.1547027575768042,Healthy
D:\Download1\Multi_Crop_Leaves_Disease\Multi_Crop_Leaves_Disease\Brinjal\Healthy_brinjal\IMG-20260325-WA0005.jpg,Healthy,10,5,5,21.21306973,91.35349216,7.817846496,112.9834361,29.417382729870795,2,8.858378115096784,11.423919834585725,418.10824529855466,8.876126817210217,5,14.951419950917282,66.84309430569877,147.03936237480713,1,13.968036875310307,1,12.857864249253137,2.257118014353904,0.3387237250640951,0.2395379315006084,0.1833302031987643,0.2306836281692489,Healthy
D:\Download1\Multi_Crop_Leaves_Disease\Multi_Crop_Leaves_Disease\Guava\Healthy_Guava\IMG_20260228_090727.jpg,Healthy,37,77,17,36.20970524,31.94550613,5.617122801,191.0658531,23.44738660801529,1,6.942108449147423,12.744894614392637,440.6651640687926,8.530714437243448,5,8.554081150991994,72.18538639341287,77.03901767446263,2,35.63747536716709,1,87.11738363584031,3.079811692737201,0.2306078647188103,0.2426777673133649,0.1171359323569603,0.2190488735434985,Healthy
D:\Download1\Multi_Crop_Leaves_Disease\Multi_Crop_Leaves_Disease\Papaya\Healthy_papaya\download (2).jpg,Healthy,91,21,26,26.33377983,57.36469955,7.261313694,191.6549412,16.916588897200498,3,8.322250326195732,12.489344587899271,383.7683486342638,9.284903975541589,5,14.08058697043257,38.817196672062025,194.40826186030029,2,34.60445014220267,3,80.5965801827112,4.054186324487022,0.235829727679894,0.2637893871152011,0.1504675487620481,0.2294901950734217,Healthy
D:\Download1\Multi_Crop_Leaves_Disease\Multi_Crop_Leaves_Disease\Cumin\Healthy_Cumin\cumin_he9.jpeg,Healthy,107,51,22,24.86560781,78.22080815,5.983075895,79.56866268,20.29456309019759,3,7.672901302405044,19.64294876319872,403.0252003615748,5.50922576933047,6,14.96591701276284,24.919602686303865,94.53131341632512,2,31.291900239037496,1,14.897813856217043,2.794146792100462,0.0988172372302153,0.2463542999561128,0.0254100396297218,0.1857333922565455,Healthy
D:\Download1\Multi_Crop_Leaves_Disease\Multi_Crop_Leaves_Disease\Cumin\Healthy_Cumin\cumin_healthy11.jpg,Healthy,5,25,6,30.72119881,94.01331956,6.011302181,106.8118019,22.79244210343155,3,9.748895290710369,6.315816079954568,424.7288607368821,7.337118380898586,6,6.296548795435126,95.35509045270324,125.19015966383434,3,26.80547937139637,1,47.33684442247203,1.7692104742850447,0.2814120575956633,0.152397766984854,0.3615022176307494,0.1279022936639081,Healthy
D:\Download1\Multi_Crop_Leaves_Disease\Multi_Crop_Leaves_Disease\Guava\Healthy_Guava\IMG_20260228_090358.jpg,Healthy,86,37,16,20.51716779,59.21235483,5.561510732,67.61013737,24.77973159794391,2,11.122159845105015,14.859952978688687,366.9931264906183,8.784357098673777,1,12.021268024084389,47.36218569514181,125.67340631304896,2,45.26653983050325,1,7.374460104874214,1.192419163819559,0.2287641505636737,0.2468274117063623,0.0891191881167733,0.2285542250185999,Healthy
D:\Download1\Multi_Crop_Leaves_Disease\Multi_Crop_Leaves_Disease\Brinjal\Healthy_brinjal\IMG_20260222_183617.jpg,Healthy,27,40,24,27.84026517,89.99615558,7.063022095,52.84626009,27.779577050348035,1,8.026831395105756,6.146631510110295,436.299443944315,1.8548389583460048,1,7.168881959560198,33.08342578107543,53.97530155063081,2,16.583109723706784,2,46.700413258832455,2.6734670274434427,0.2017832488285371,0.2586770767016541,0.0695360567702387,0.221735108383091,Healthy
D:\Download1\Multi_Crop_Leaves_Disease\Multi_Crop_Leaves_Disease\Castor\Healthy_castor\castor_hea2.png,Healthy,36,26,26,30.17294105,51.0845903,6.814630246,95.23444287,22.368035030771573,3,7.485103077973636,1.8876236472418009,374.9701394223415,3.759981133786576,6,16.076365350984737,42.01228869217829,148.86119798149065,1,11.66797274068636,3,50.47434443163694,4.059820122907609,0.1547054064158144,0.276694549880376,0.055888561344636,0.2284224039063615,Healthy
D:\Download1\Multi_Crop_Leaves_Disease\Multi_Crop_Leaves_Disease\Cumin\Healthy_Cumin\cumin_he7.jpeg,Healthy,6,64,23,23.33565221,67.40460704,7.065264073,36.18678721,22.03811390384275,2,5.669890526083501,13.156988843374398,431.522831368868,1.1670529693550002,6,9.092995030783625,62.98278627508687,97.9659991903941,2,38.02906610726529,2,72.1528698741107,4.681176112910903,0.2859045636145876,0.2411248677935974,0.1610134472505438,0.2133056951871573,Healthy
D:\Download1\Multi_Crop_Leaves_Disease\Multi_Crop_Leaves_Disease\Guava\Healthy_Guava\IMG-20260324-WA0034.jpg,Healthy,24,33,35,29.26382931,54.82257868,5.342866119,100.7586226,25.629737763625258,2,10.363996173786898,12.357516995339145,356.44205651926274,4.358217045629873,5,17.575738133858227,56.10345896699454,140.54430102643914,2,18.10141980914096,3,49.990453212098096,3.007052048504865,0.300142030627409,0.2134170753593552,0.1981175452336322,0.1973752225844828,Healthy
D:\Download1\Multi_Crop_Leaves_Disease\Multi_Crop_Leaves_Disease\Guava\Healthy_Guava\IMG_20260228_090427(1).jpg,Healthy,33,75,21,33.04687968,68.93875631,6.690655045,62.30278274,12.644838590168144,1,10.770374927879171,19.344046055152127,363.7065451285466,7.978737149951488,5,15.221322943397007,6.363183448273757,145.85744220412107,2,19.011270952029307,2,78.06274051764883,2.1861297971506404,0.0608393412825283,0.1880308636550547,-0.0084407003452388,0.1510990399403412,Healthy
D:\Download1\Multi_Crop_Leaves_Disease\Multi_Crop_Leaves_Disease\Papaya\Healthy_papaya\papaya_he2.png,Healthy,39,24,31,33.55695561,53.72979826,4.757114897,98.67527561,29.81568963025456,2,11.364753654106137,1.7650666453897037,449.45908858087137,6.812937754161568,1,9.888753997742356,17.285648704535006,184.5842361921965,1,35.240113808606274,1,89.11822211662881,4.268309289185184,0.1247902368954538,0.173935149966424,0.040673401352505,0.1473221170160742,Healthy
D:\Download1\Multi_Crop_Leaves_Disease\Multi_Crop_Leaves_Disease\Guava\Healthy_Guava\IMG_20260228_090919.jpg,Healthy,39,70,15,20.76774783,63.90164154,6.366355781,47.9271552,14.622800795816357,2,11.783512368771714,15.159914943360173,364.418696396488,8.374056204502335,5,6.431010647859985,94.2030909202964,69.5250543637903,3,41.14122916828145,2,51.916412055031614,3.171390200893986,0.2562801073529285,0.2502674580721617,0.1533131049714546,0.229847171889672,Healthy
D:\Download1\Multi_Crop_Leaves_Disease\Multi_Crop_Leaves_Disease\Guava\Healthy_Guava\IMG_20260228_090435.jpg,Healthy,82,77,46,28.9470467,82.1888998,5.901100841,95.83016448,15.141719267175484,2,8.403345806940486,14.53839243752452,387.63327926352514,6.605467721607468,6,12.972721837493198,46.54558529644929,192.4755319175036,2,31.90734794186067,3,83.60219831303561,3.510788251320101,0.1236305743733896,0.2241608162675485,0.0416176328148616,0.1932673449461761,Healthy
D:\Download1\Multi_Crop_Leaves_Disease\Multi_Crop_Leaves_Disease\Guava\Healthy_Guava\WhatsApp Image 2026-03-31 at 11.17.22 AM.jpeg,Healthy,8,133,195,20.46657776,80.97598029,6.456079585,71.29813872,28.33684740894858,1,7.62774362566026,4.038708118048183,362.99164315482886,7.832591130601337,1,10.376261475908896,20.175634961200505,166.9901505026583,1,0.7892802288247291,2,82.53756676856794,3.696058493944716,0.3415415726563713,0.244512235959752,0.1709606309786425,0.2213734316873143,Healthy
D:\Download1\Multi_Crop_Leaves_Disease\Multi_Crop_Leaves_Disease\Papaya\Healthy_papaya\Papaya leaves (1).jpg,Healthy,6,37,17,28.08657178,80.35005927,6.760694228,38.14476781,29.354737294445616,3,11.087007992721738,9.664957262331916,415.82741129992985,1.3176951734269078,1,8.173172837667805,54.55277276325282,133.9913064665919,2,40.87672355012186,3,85.86355701417385,4.369280660848471,0.1647878396996178,0.2470896998851705,0.0559796976397417,0.2064885365761578,Healthy
D:\Download1\Multi_Crop_Leaves_Disease\Multi_Crop_Leaves_Disease\Brinjal\Healthy_brinjal\IMG-20260325-WA0029.jpg,Healthy,25,64,20,33.15122581,32.45974539,4.807776749,105.0380275,11.14442455105382,2,7.732339428681231,12.418490607253943,371.64069736070303,8.471443713043529,4,7.370538842074502,96.82422518944526,177.58432507769277,2,30.505387034970067,2,80.38203716999492,1.5086974737716083,0.2117347907194374,0.161021680290316,0.1180226604043384,0.1414566435911778,Healthy
D:\Download1\Multi_Crop_Leaves_Disease\Multi_Crop_Leaves_Disease\Brinjal\Healthy_brinjal\IMG_8748.jpg,Healthy,103,51,20,22.80213132,84.14668447,7.046607434,91.6389565,23.59786597594137,2,8.2678961751759,2.871317121556445,360.12789074603444,1.8288906005972985,1,6.684298590669576,31.242267525532974,165.65608019107017,2,3.853887383258292,2,10.576808559063576,2.9959695625912515,0.2893795479460609,0.1906915147484287,0.1288556813902201,0.1684951579369566,Healthy
D:\Download1\Multi_Crop_Leaves_Disease\Multi_Crop_Leaves_Disease\Brinjal\Healthy_brinjal\IMG_20260222_183748.jpg,Healthy,107,10,49,25.83202912,89.00481725,6.755192025,45.24690619,23.978503476769937,2,8.744513600914036,14.169677783622785,445.0462371426793,1.4063224928628262,3,15.801012853654711,92.25161079977724,168.959420004097,1,32.2988607252579,3,91.40107787698408,4.3797881987250165,0.2731323500682599,0.2392941669106476,0.1217847154772177,0.2293273275541327,Healthy
D:\Download1\Multi_Crop_Leaves_Disease\Multi_Crop_Leaves_Disease\Guava\Healthy_Guava\IMG_4846(1).jpg,Healthy,102,53,21,23.03814028,76.11021529,6.913678684,91.49697481,14.05782656290738,1,10.204616717910426,12.182892805650988,363.6025116457563,1.0508770548252115,5,7.35575005184657,90.99922868809242,197.7090028013876,3,12.846762897858726,3,21.129192235481376,4.240513280784109,0.1774924631679791,0.208722154121505,0.0895066590102822,0.1681969598024925,Healthy
D:\Download1\Multi_Crop_Leaves_Disease\Multi_Crop_Leaves_Disease\Castor\Healthy_castor\download (6).jpg,Healthy,13,16,8,34.74004942,93.12316972,6.949838549,100.1967854,28.58072392236164,1,11.706888410405456,5.717466966588169,415.10146996862863,9.1137955145022,6,5.875869792731601,42.450731077778215,91.57575487446012,1,36.18637295440541,2,15.609798534695884,3.413619340137101,0.2657973769285071,0.2323409336614176,0.1356319277734597,0.2139202087074921,Healthy
