Image,Blur,Brightness,Contrast,Sharpness,Noise,Quality,Status
blackspot16.jpg,1016.82,125.79,73.39,61.78,8.72,0.936,Excellent
Black spot of papaya leaf_11091985443_o.jpg,654.49,125.25,70.86,77.12,8.57,0.93,Excellent
algal12.png,504.41,129.81,64.2,61.74,6.48,0.925,Excellent
castor_hea2.png,1162.11,123.76,68.12,82.62,9.93,0.914,Excellent
no(1).jpg,649.78,135.42,64.14,61.68,7.41,0.912,Excellent
Guava - Wikipedia.jpg,1193.11,123.37,65.17,70.71,9.14,0.91,Excellent
alternaria leaf spot3.jpg,483.28,136.3,64.51,57.83,6.7,0.908,Excellent
cercospera Leaf spot4.jpg,696.53,102.1,74.54,64.88,7.87,0.907,Excellent
test4.jpg,477.79,126.99,57.81,58.0,6.45,0.904,Excellent
cercospera Leaf spot5.jpg,670.7,101.04,73.92,64.54,7.82,0.904,Excellent
no(1).jpg,431.98,134.1,57.04,64.12,6.15,0.902,Excellent
IMG-20260324-WA0044.jpg,1434.33,116.57,70.11,89.48,11.12,0.902,Excellent
little leaf.jpg,288.68,128.52,58.02,56.5,5.18,0.899,Good
cast_un.jpeg,407.58,121.82,55.22,72.35,6.15,0.898,Good
IMG_8828.jpg,1415.34,127.97,59.7,101.36,10.45,0.897,Good
alternaria leaf (2).jpg,512.05,129.23,52.55,62.1,6.71,0.896,Good
WhatsApp Image 2026-03-31 at 11.17.18 AM (2).jpeg,350.63,128.23,53.63,56.77,5.58,0.895,Good
IMG-20260324-WA0038.jpg,923.03,123.6,60.02,94.33,9.54,0.895,Good
download (6).jpg,519.79,127.44,52.29,67.88,7.25,0.894,Good
IMG-20260324-WA0042.jpg,1239.6,125.45,60.29,99.73,10.79,0.893,Good
IMG_8811.jpg,1100.87,121.96,58.01,91.35,8.76,0.892,Good
IMG_8825.jpg,788.62,115.07,60.56,82.5,8.21,0.89,Good
Nitrogen6.jpg,346.29,117.53,54.96,63.41,6.16,0.89,Good
download (5).jpg,1067.77,124.13,56.69,65.1,9.21,0.89,Good
IMG_8822.jpg,1297.83,129.68,57.77,95.26,10.28,0.89,Good
Leaf curl of papaya121.jpg,696.47,139.49,58.73,68.17,7.87,0.89,Good
cumin_he1.jpeg,1275.11,130.37,59.53,90.29,11.15,0.889,Good
IMG_8747.jpg,540.94,125.96,57.78,53.64,6.14,0.889,Good
algal_spot2.jpg,397.37,115.63,54.26,62.87,5.56,0.889,Good
Nitrogen3.jpg,627.17,123.88,62.97,51.99,7.16,0.888,Good
Nitrogen5.jpg,525.45,130.14,52.18,79.45,7.78,0.888,Good
pottasium_spider mite (6).jpg,661.39,111.88,59.3,60.64,7.02,0.888,Good
IMG-20260325-WA0027.jpg,358.17,106.75,66.51,54.25,5.45,0.887,Good
Bacterial blight1.jpg,1477.79,131.69,59.88,118.77,11.47,0.887,Good
spider_curl1.jpg,878.31,125.97,53.7,78.62,9.28,0.885,Good
IMG-20260325-WA0029.jpg,383.9,135.79,59.33,53.03,5.58,0.885,Good
IMG-20260325-WA0030.jpg,810.09,129.95,51.75,59.02,7.71,0.885,Good
leaf curl + spider mite disorder.jpg,1978.86,128.83,60.85,111.51,13.09,0.885,Good
castor_hea.jpg,763.8,135.96,55.43,67.8,8.29,0.885,Good
WhatsApp Image 2026-03-31 at 11.17.22 AM.jpeg,544.87,119.72,53.11,71.02,6.99,0.885,Good
IMG_8827.jpg,666.97,120.11,52.51,70.64,6.95,0.884,Good
cercospora12.png,484.13,121.2,51.86,58.81,6.32,0.883,Good
no.jpg,348.72,124.44,57.28,51.29,5.21,0.883,Good
9238858383_d90dc339d2_w.jpg,1140.39,122.35,55.72,77.28,9.45,0.883,Good
PHYP62_8912.jpg,1048.02,129.42,53.78,81.47,9.98,0.882,Good
IMG_8813.jpg,886.92,127.25,48.86,69.82,7.84,0.882,Good
IMG_8815.jpg,1286.25,122.37,55.63,92.34,9.59,0.882,Good
IMG_8826.jpg,757.98,126.38,48.58,69.57,7.43,0.882,Good
no(6).jpg,321.92,105.1,58.41,63.12,5.55,0.882,Good
castor_unh.jpeg,1472.76,133.82,59.27,101.72,11.7,0.881,Good
no.jpg,370.45,133.39,47.45,61.38,5.81,0.881,Good
cumin_he7.jpeg,2725.69,131.99,63.2,91.0,14.07,0.881,Good
IMG-20260325-WA0028.jpg,678.32,122.53,50.96,72.77,7.78,0.88,Good
IMG-20260325-WA0014.jpg,440.68,124.69,46.96,63.29,6.54,0.88,Good
IMG_8847.jpg,584.68,128.87,46.31,64.63,6.88,0.88,Good
pottasium8.jpg,1292.64,109.72,62.97,70.6,9.81,0.88,Good
no(16).jpg,631.01,144.82,58.57,90.98,8.24,0.879,Good
magne12.png,510.99,129.33,45.08,68.92,6.61,0.878,Good
mosaic114.jpg,861.33,123.98,51.36,93.79,8.9,0.878,Good
IMG-20260324-WA0032.jpg,409.89,102.67,59.3,63.29,6.04,0.878,Good
IMG_8748.jpg,1294.53,124.6,50.61,67.75,8.93,0.877,Good
IMG_4851(1).jpg,754.98,116.41,54.41,82.83,8.19,0.877,Good
IMG_4851.jpg,754.76,116.41,54.41,82.83,8.19,0.877,Good
IMG_20260228_090427.jpg,779.68,129.97,49.87,99.08,8.92,0.877,Good
IMG_20260228_090427(1).jpg,779.81,129.97,49.87,99.08,8.92,0.877,Good
little leaf1.jpg,541.38,100.28,63.13,79.51,7.52,0.877,Good
IMG_8749.jpg,1320.24,124.85,50.78,68.43,9.05,0.877,Good
nitrogen_leaf_spot.jpg,587.02,121.25,57.03,52.82,6.44,0.876,Good
Ricinus Communis.jpg,1030.82,114.71,58.31,84.01,9.87,0.876,Good
download (4).jpg,860.13,114.37,55.24,61.41,8.42,0.875,Good
papaya_un.jpeg,377.29,115.92,51.09,58.46,5.78,0.875,Good
cercospora1.jpg,1116.01,131.98,59.03,53.98,9.19,0.875,Good
papaya_un.jpeg,377.1,115.93,51.09,58.46,5.77,0.875,Good
IMG_8746.jpg,588.5,130.13,53.73,52.19,6.24,0.874,Good
IMG-20260324-WA0037.jpg,593.99,100.23,60.26,60.62,6.72,0.874,Good
papaya_healthy.jpeg,573.25,113.82,54.94,58.42,7.12,0.874,Good
magnes12.png,495.81,120.62,47.49,65.91,6.74,0.874,Good
IMG_4939.jpg,1233.35,138.6,56.89,105.35,10.32,0.874,Good
alternaria leaf spot2.jpg,792.27,123.66,54.42,55.78,8.34,0.874,Good
pottasium_spider mite (10).jpg,346.52,132.9,54.03,52.15,5.4,0.874,Good
pottasium_spider mite (3).jpg,541.75,127.43,45.9,57.98,6.71,0.874,Good
IMG-20260325-WA0017.jpg,410.83,131.6,46.91,57.24,5.7,0.874,Good
IMG-20260325-WA0011.jpg,523.04,128.18,47.33,56.48,6.37,0.874,Good
IMG-20260324-WA0035.jpg,1749.47,110.97,63.9,97.65,12.11,0.873,Good
IMG-20260324-WA0029.jpg,519.51,116.82,49.77,64.68,6.76,0.873,Good
IMG-20260324-WA0016.jpg,664.47,108.61,56.45,64.26,7.56,0.873,Good
IMG-20260325-WA0005.jpg,458.12,126.32,48.65,55.48,6.23,0.873,Good
Leaf curl of papaya1144.jpg,489.35,110.52,54.71,92.34,7.22,0.873,Good
Nitrogen4.jpg,518.56,132.85,45.46,61.89,6.74,0.872,Good
minor_nitrogen.jpeg,420.57,114.01,52.11,57.89,6.16,0.871,Good
mosaic1.jpg,625.05,76.05,78.55,58.08,7.66,0.871,Good
Ricinus Communis (1).jpg,438.43,124.13,47.83,56.23,6.18,0.87,Good
Bacterial blight15.jpg,1325.08,117.13,57.62,128.0,11.41,0.87,Good
IMG_8851.jpg,2505.07,105.06,69.63,111.78,13.63,0.87,Good
magnesium4.jpg,359.39,127.2,46.93,54.92,5.81,0.87,Good
Bacterial blight12.jpg,1591.61,120.38,56.51,123.52,11.8,0.87,Good
IMG_20260228_090358(1).jpg,860.55,133.54,49.91,103.0,9.38,0.869,Good
anthrecnose1 (1).jpg,346.06,119.37,51.13,54.92,5.68,0.869,Good
spider_mite31.jpg,613.63,110.19,53.9,69.11,7.5,0.869,Good
IMG-20260325-WA0016.jpg,958.43,116.75,50.93,61.01,8.18,0.869,Good
IMG-20260325-WA0008.jpg,557.98,125.06,43.93,59.22,6.75,0.869,Good
castor_hea3.png,1153.81,126.79,45.79,71.71,8.72,0.869,Good
hand held leaf5.jpg,822.37,113.24,52.31,90.27,7.69,0.869,Good
general_disease.jpg,2144.09,150.83,73.22,133.67,15.67,0.869,Good
IMG_20260228_090358.jpg,860.42,133.54,49.91,102.99,9.38,0.869,Good
no(3).jpg,497.85,103.11,55.73,61.56,6.46,0.868,Good
WhatsApp Image 2026-03-31 at 11.17.19 AM (1).jpeg,390.78,119.58,44.51,60.74,5.94,0.868,Good
cumin_he9.jpeg,1123.04,103.92,65.66,117.22,11.68,0.868,Good
whitefly_pest1.jpg,1236.75,139.06,53.86,59.13,9.39,0.868,Good
IMG-20260324-WA0034.jpg,601.28,108.99,53.04,64.98,6.99,0.868,Good
download (7).jpg,1522.99,146.01,60.82,57.26,9.52,0.867,Good
spider_mite14.jpg,417.35,143.89,51.0,58.55,6.16,0.867,Good
spider_mite14.jpg,417.56,143.88,51.0,58.57,6.16,0.867,Good
insect13.png,974.4,124.43,49.1,94.62,10.02,0.867,Good
spider_mite2.jpg,417.4,143.88,50.99,58.53,6.16,0.867,Good
magnesium3.jpg,310.53,136.83,60.61,47.07,5.68,0.866,Good
Papaya leaf curl virus .jpg,1467.26,123.23,52.42,114.53,11.47,0.866,Good
blackspot13.png,875.53,122.98,48.38,105.65,9.36,0.866,Good
alternaria11.jpg,286.39,118.63,53.9,54.08,5.06,0.866,Good
IMG_8752.jpg,771.15,130.57,56.15,49.27,6.98,0.866,Good
IMG_20260228_090408.jpg,1035.77,134.46,51.18,114.04,10.28,0.866,Good
alternaria leaf (3).jpg,281.59,125.43,56.75,49.02,4.89,0.865,Good
download (12).jpg,1124.93,123.79,45.93,59.87,8.61,0.865,Good
WhatsApp Image 2026-03-31 at 11.17.19 AM.jpeg,658.63,122.69,45.72,82.58,8.1,0.865,Good
leafcurl1.jpg,808.31,118.2,55.27,54.0,7.71,0.864,Good
IMG_4955.jpg,1672.09,140.22,56.86,121.81,11.87,0.864,Good
hand held leaf.jpg,473.16,110.97,48.57,68.24,6.09,0.864,Good
IMG-20260325-WA0006.jpg,534.26,132.01,43.74,58.11,6.61,0.864,Good
download (9).jpg,481.13,128.74,46.42,54.23,6.46,0.863,Good
papaya_leaf112.jpg,843.36,96.46,62.56,75.64,8.9,0.863,Good
cumin_heal.jpg,582.74,127.75,40.02,66.53,7.3,0.863,Good
Bacterial blight_.jpg,492.56,151.62,55.64,58.05,6.49,0.863,Good
IMG-20260325-WA0010.jpg,1004.45,122.08,48.88,57.32,8.2,0.863,Good
magnessium3.jpg,861.98,139.36,48.36,73.02,8.33,0.862,Good
magne15.png,453.0,127.89,36.96,62.87,6.07,0.862,Good
IMG_4956.jpg,1176.6,140.29,53.29,104.0,10.42,0.862,Good
magnes15.png,471.92,109.82,49.45,71.05,6.65,0.862,Good
IMG_8819.jpg,527.87,141.96,46.91,68.02,6.74,0.862,Good
mosaic122.jpg,833.58,114.96,50.7,109.27,9.04,0.861,Good
leafcurl3.jpg,1191.43,96.32,63.94,73.18,9.84,0.861,Good
bcatrial leaf blight12.png,1269.9,124.26,47.23,82.08,10.2,0.861,Good
PHOTO By CARO.jpg,1229.65,116.81,53.44,104.56,10.96,0.861,Good
spider_mite (2).jpg,1197.16,136.99,49.23,65.12,9.86,0.86,Good
alternaria leaf spot22.jpg,359.04,126.4,42.71,54.97,5.58,0.86,Good
9241639358_70ecb9eb80_c.jpg,973.1,118.04,52.39,55.57,8.2,0.86,Good
spider_mite13.jpg,938.11,132.29,43.67,62.62,8.59,0.86,Good
blackspot1.jpg,1246.83,119.85,48.7,81.64,10.02,0.859,Good
papaya_mosaic.png,975.86,144.19,51.62,76.29,8.86,0.859,Good
mosaic6.png,973.34,144.2,51.61,76.3,8.86,0.859,Good
IMG-20260325-WA0007.jpg,550.44,131.27,46.82,54.28,6.75,0.859,Good
alternitia_blight12.png,366.92,130.3,37.77,64.58,6.46,0.859,Good
Black shooty Mood (1).jpg,563.22,143.72,46.85,63.65,6.71,0.859,Good
IMG_8845.jpg,629.9,117.62,44.12,65.66,7.07,0.859,Good
leaf curl13.png,593.67,109.53,49.22,70.98,7.32,0.858,Good
pest_disease1.jpg,895.66,107.06,53.86,76.0,8.78,0.858,Good
"_If I wasn_t singing, I_d probably be, probably an accountant__  ~Janet Jackson.jpg",337.17,114.28,49.42,55.02,5.52,0.858,Good
IMG-20260325-WA0004.jpg,674.71,120.38,43.0,62.17,7.52,0.858,Good
nitrogen_leaf_spot (2).jpg,410.45,148.23,47.88,61.72,6.26,0.857,Good
pottassium8.jpg,464.65,97.77,54.79,63.3,6.61,0.857,Good
IMG_8816.jpg,428.83,119.53,53.81,48.93,5.43,0.857,Good
athrecnose12.png,653.19,124.37,39.4,75.18,7.4,0.856,Good
magnesium3.jpg,1178.56,127.02,42.55,85.03,9.86,0.856,Good
insect16.png,443.86,100.14,53.63,64.05,6.91,0.856,Good
wilt6.jpg,3000.41,135.97,58.36,98.01,15.53,0.856,Good
leaf curl12.png,447.32,103.89,50.09,68.45,6.37,0.856,Good
download (3).jpg,3213.96,120.98,57.52,110.18,15.33,0.856,Good
cercospora21.png,700.59,130.91,39.79,68.22,8.05,0.855,Good
magne16.png,394.24,128.22,38.0,56.97,5.84,0.855,Good
WhatsApp Image 2026-03-31 at 11.04.52 AM.jpeg,304.92,133.97,38.02,58.6,5.18,0.855,Good
algal_spot6.jpg,4214.54,115.9,65.78,154.21,18.08,0.855,Good
magnessium4.jpg,2024.89,120.29,49.75,88.66,11.37,0.855,Good
IMG-20260324-WA0043.jpg,2293.42,125.65,49.22,90.45,12.89,0.855,Good
IMG_4959.jpg,1956.47,140.88,56.08,124.69,12.96,0.855,Good
early_nutient.jpg,342.52,130.21,36.22,75.71,6.47,0.855,Good
IMG_4958.jpg,981.58,146.25,52.11,106.35,9.79,0.853,Good
cimin_powdery.jpg,773.49,128.59,38.91,92.03,8.75,0.853,Good
magnesium_leaf_spot.jpg,2850.3,136.99,56.33,133.87,14.8,0.853,Good
Brinjal Plant !!!.jpg,1989.31,122.03,48.02,93.48,11.74,0.852,Good
IMG-20260324-WA0023.jpg,449.62,118.49,45.71,54.76,6.28,0.851,Good
Papaya.jpg,589.94,127.27,44.6,51.72,6.36,0.851,Good
IMG-20260324-WA0019.jpg,1349.46,107.56,53.76,76.31,10.29,0.851,Good
"Organic Castor Leaves, Ricinus Plant, Large Leaf (8-15 inch).jpg",2605.62,120.69,53.04,101.17,14.04,0.851,Good
cercospora15.png,508.99,110.95,44.48,68.56,6.62,0.851,Good
IMG-20260324-WA0036.jpg,671.79,104.37,50.26,68.7,7.64,0.851,Good
IMG_4941.jpg,267.12,142.7,48.4,62.24,5.04,0.851,Good
download (14).jpg,978.81,115.54,55.92,50.87,7.76,0.851,Good
green-papaya-leaves-525.jpg,2170.99,166.58,71.49,82.85,13.43,0.851,Good
download (1).jpg,609.99,130.75,36.96,69.36,7.42,0.851,Good
insect12.png,532.4,117.81,41.32,66.38,7.22,0.851,Good
IMG_4962.jpg,1760.54,141.53,53.5,121.83,12.27,0.851,Good
Leaf curl of papaya1.jpg,1817.89,101.86,60.86,100.66,12.34,0.85,Good
magnesium (2).jpeg,661.51,111.61,45.17,64.42,7.56,0.85,Good
Papaya Leaves.jpg,1076.62,120.85,43.6,86.79,9.59,0.85,Good
whitefly_pest.jpg,1254.04,152.59,54.9,70.41,9.79,0.85,Good
test1.jpg,378.9,120.56,36.74,67.22,6.31,0.849,Good
Cumin Sed Production GC and GC 5 (2).JPG,4733.48,133.04,65.43,189.53,21.38,0.849,Good
mosaic5.png,1272.76,115.98,48.16,92.96,10.56,0.849,Good
IMG_8846.jpg,482.23,129.65,43.45,51.61,6.03,0.848,Good
"Guava fruit plant,(Psidiumguajava) Small Guava plant in garden.jpg",1131.39,120.77,42.71,81.23,9.41,0.848,Good
wilt1.jpg,1374.61,128.02,41.73,107.4,11.18,0.848,Good
pottasium7.jpg,2292.89,123.04,49.44,121.95,13.58,0.848,Good
hand held leaf1.jpg,414.67,110.8,41.18,60.21,5.62,0.848,Good
pottasium_spider mite (4).jpg,397.87,108.74,52.76,52.02,5.44,0.848,Good
blackspot15.png,1094.79,105.69,51.79,86.14,9.61,0.847,Good
hand held leaf4.jpg,459.42,108.74,49.87,54.53,5.82,0.847,Good
IMG_4960.jpg,2130.98,143.4,55.22,135.32,13.47,0.847,Good
Leaf curl of papaya1122.jpg,2166.41,136.34,52.37,146.41,14.12,0.847,Good
test2.jpg,1114.31,98.34,57.2,82.33,10.2,0.846,Good
Papaya leaf.jpg,596.74,118.95,39.53,58.79,7.02,0.846,Good
cumin_alternitia.png,1108.34,141.78,47.48,91.79,10.23,0.846,Good
leaf curl18.png,338.36,105.81,43.45,67.46,5.65,0.846,Good
Cumin Sed Production GC and GC 5 (1).JPG,4598.04,130.36,62.02,186.67,21.12,0.846,Good
magnesium1.jpg,416.01,141.92,40.23,66.25,6.57,0.846,Good
Leaf curl of papaya1155.jpg,1241.13,148.57,53.06,104.9,10.81,0.846,Good
TOP 5 castor oil benefits.jpg,265.74,145.84,49.54,65.39,5.38,0.846,Good
magnes17.png,436.37,116.39,43.61,56.23,6.43,0.846,Good
GC 5.JPG,643.68,161.42,54.64,71.49,7.81,0.845,Good
leaf_curl.jpg,347.61,96.34,59.48,52.23,5.62,0.845,Good
IMG_4965.jpg,1159.62,148.19,50.64,101.05,9.91,0.845,Good
alternaria leaf spot4.jpg,947.9,120.91,40.31,73.84,8.96,0.845,Good
pest_damage11.jpg,425.09,148.23,43.46,59.79,6.31,0.845,Good
Nitrogen2.jpg,913.24,115.92,42.93,65.46,8.61,0.845,Good
IMG_8858.jpg,458.31,119.35,52.4,46.64,5.58,0.845,Good
algal_spot3.jpg,356.18,103.98,43.8,66.44,5.51,0.844,Good
Healthy papaya.jpg,1351.91,112.72,47.81,88.24,10.32,0.844,Good
rust16.png,1004.44,119.12,40.86,79.15,8.78,0.844,Good
WhatsApp Image 2026-03-31 at 12.44.35 PM.jpeg,704.46,102.86,48.26,60.47,7.56,0.844,Good
Healthy cumin.JPG,436.3,111.88,40.41,62.66,6.34,0.844,Good
powdety_mildew12.png,510.59,116.34,40.25,91.02,7.65,0.844,Good
wilt5.jpg,1836.55,140.06,50.06,109.27,12.49,0.844,Good
IMG_8740.jpg,1910.63,133.56,44.96,98.62,11.86,0.844,Good
8.0.jpg,584.97,132.84,35.86,87.14,7.76,0.843,Good
IMG_4964.jpg,1457.48,147.15,51.28,107.75,10.99,0.843,Good
algal_spot5.jpg,673.54,95.88,52.41,76.98,7.62,0.843,Good
mosaic2.jpg,487.53,97.36,50.62,58.6,6.19,0.843,Good
WhatsApp Image 2026-03-31 at 10.55.25 AM (1).jpeg,873.21,109.84,46.65,80.77,9.02,0.843,Good
cercospora14.png,700.06,128.9,32.53,73.26,7.67,0.842,Good
cercospera Leaf spot3.jpg,2137.63,114.21,53.57,84.1,14.0,0.842,Good
hand held leaf3.jpg,603.67,155.39,66.1,45.69,6.64,0.842,Good
Mamona uma planta vistosa mas perigosa.jpg,2584.94,138.26,48.73,87.4,12.77,0.842,Good
rust18.png,1116.61,107.78,48.5,80.6,9.61,0.842,Good
leaf curl(1).jpg,240.82,111.0,68.01,48.61,4.74,0.842,Good
Bacterial blight122.jpg,2361.44,136.16,50.3,119.31,14.13,0.842,Good
alternitia_blight15.png,416.9,112.25,40.58,91.51,7.03,0.842,Good
magnes13.png,511.75,138.95,36.5,70.03,6.66,0.841,Good
WhatsApp Image 2026-03-31 at 10.56.19 AM.jpeg,343.4,121.31,48.61,46.89,5.23,0.841,Good
Cumin seed production (2024-25)-SDAU-Jagudan (GUJ) (10).jpeg,1664.3,143.15,51.51,119.39,12.92,0.841,Good
download (8).jpg,651.34,109.11,44.34,85.75,8.04,0.841,Good
algal_spot4.jpg,463.58,105.11,42.75,65.88,6.06,0.841,Good
IMG_4957.jpg,1261.21,148.95,50.72,107.78,10.7,0.841,Good
mosaic11.jpg,318.06,120.9,31.68,64.46,5.71,0.84,Good
Cumin seed production (2024-25)-SDAU-Jagudan (GUJ) (10).jpg,1729.37,143.15,51.59,119.49,13.02,0.84,Good
insect17.png,1276.07,118.26,42.87,78.67,10.65,0.839,Good
leaf curl16.png,286.91,104.68,54.8,51.78,5.09,0.839,Good
download (11).jpg,360.03,128.45,37.54,52.25,5.74,0.839,Good
wilt10.jpg,5391.68,139.06,64.8,175.34,21.1,0.839,Good
little leaf11.png,328.0,119.61,40.68,53.14,5.39,0.839,Good
magnessium1.jpg,875.08,120.47,37.6,77.19,8.59,0.839,Good
early_stage_spider_mite.jpg,580.53,138.26,35.67,61.16,6.95,0.838,Good
PHYP62_15931.jpg,784.54,108.29,44.2,72.49,8.4,0.838,Good
rust12.png,781.34,105.62,46.7,58.55,7.7,0.838,Good
magnessium5.jpg,580.39,138.25,35.66,61.15,6.95,0.838,Good
little leaf2.jpg,782.63,108.29,44.18,72.44,8.39,0.838,Good
Alternaria_.jpg,243.75,127.21,58.46,46.24,4.66,0.838,Good
How to Grow Papaya in Pots from Seeds - Complete Guide - Homestead Gardener.jpg,3323.09,104.02,59.59,111.62,14.93,0.837,Good
Cumin seed production (2024-25)-SDAU-Jagudan (GUJ) (2).png,1692.32,141.71,49.47,120.31,13.05,0.837,Good
magnessium7.jpg,300.07,121.07,56.58,39.08,4.77,0.837,Good
nitrofen_def.jpg,2195.56,131.62,43.14,103.94,13.02,0.837,Good
img2.jpg,2920.58,111.89,52.16,89.5,13.6,0.837,Good
blackspot14.png,1203.0,105.33,49.25,85.88,10.44,0.836,Good
Alternaria_(2).jpg,413.34,139.15,33.49,66.39,6.15,0.836,Good
mag4.jpg,3030.76,97.57,63.84,126.95,15.25,0.836,Good
IMG-20260325-WA0020.jpg,1731.85,139.0,42.54,69.02,10.56,0.836,Good
pottassium6.jpg,3221.88,128.31,45.21,117.81,15.36,0.836,Good
alternatie1.png,2376.07,113.46,55.7,147.37,16.1,0.836,Good
CUMIN-4 field  High resolution.jpg,578.38,102.94,45.85,85.47,7.83,0.836,Good
pottasium_spider mite (1).jpg,486.1,109.1,48.08,52.59,6.03,0.836,Good
rust17.png,883.8,119.67,34.51,63.04,7.73,0.835,Good
powdety_mildew15.png,1032.07,122.43,38.42,110.9,10.46,0.835,Good
cumin crop.jpg,4302.95,115.34,56.78,129.37,17.4,0.835,Good
cumin_healthy11.jpg,791.42,119.6,36.55,76.09,8.55,0.835,Good
"Guava Leaves Uncovered_ Powerful Benefits, Uses,___.jpg",1122.87,114.3,41.03,73.19,9.21,0.835,Good
cercospera Leaf spot.jpg,1845.12,133.09,41.78,99.4,12.22,0.835,Good
algal13.png,961.03,97.52,49.91,64.35,8.68,0.834,Good
Guava anth.jpg,533.91,124.42,29.4,61.96,6.84,0.834,Good
algal15.png,921.42,96.26,50.97,76.11,8.85,0.834,Good
brown_spot.jpg,1209.0,136.5,37.33,70.98,9.2,0.834,Good
phosphoreus.jpg,752.87,93.19,50.55,67.76,7.64,0.834,Good
magnessium6.jpg,563.44,138.29,33.72,61.28,6.89,0.834,Good
pest_damage111.jpg,1658.04,138.37,44.25,100.02,12.05,0.834,Good
cercospora2.jpg,1208.12,136.5,37.33,71.01,9.2,0.834,Good
IMG_8812.jpg,425.23,127.45,46.18,43.29,5.18,0.833,Good
Cumin seed production (2024-25)-SDAU-Jagudan (GUJ) (4).jpeg,2857.27,141.88,55.4,145.15,16.69,0.833,Good
Cumin seed production (2024-25)-SDAU-Jagudan (GUJ) (4).jpg,2928.87,141.9,55.5,145.26,16.76,0.833,Good
powdery_mildew2.png,2622.61,128.06,45.24,150.4,15.91,0.833,Good
Cercospora_(7).jpg,624.09,133.5,42.84,51.55,7.49,0.833,Good
spider_mite.jpg,1323.25,149.26,45.7,74.69,9.77,0.832,Good
test6.jpg,1415.21,88.22,59.25,82.98,10.81,0.832,Good
IMG_20260228_090238.jpg,728.34,145.15,40.42,93.54,8.53,0.832,Good
leaf spor.jpg,411.39,108.35,37.6,70.88,6.24,0.832,Good
IMG_20260228_090238(1).jpg,728.38,145.15,40.42,93.53,8.52,0.832,Good
t3.jpg,512.38,152.18,49.31,53.32,6.31,0.832,Good
algal_spot7.jpg,1193.43,101.62,48.27,97.67,9.75,0.831,Good
pest_disesase15.png,481.49,126.09,36.35,52.32,6.32,0.831,Good
wilt3.jpg,1537.29,125.65,36.61,103.8,11.41,0.831,Good
IMG_4942.jpg,273.93,141.06,60.74,42.19,4.76,0.831,Good
test2.jpg,873.51,105.89,42.87,69.49,8.34,0.831,Good
antherconose2.jpg,1310.4,114.09,41.26,74.56,9.99,0.831,Good
magnesium.jpeg,1940.9,125.1,40.02,105.74,12.84,0.831,Good
wilt2.jpg,3043.11,123.22,45.66,126.13,15.1,0.831,Good
test5.jpg,336.42,122.24,49.11,42.91,5.19,0.831,Good
4.0.jpg,1016.63,134.71,36.9,94.49,10.06,0.831,Good
IMG-20260325-WA0022.jpg,579.6,118.09,43.38,51.1,6.42,0.831,Good
Black sooty Mould 3.jpg,1690.25,142.39,45.49,101.0,12.07,0.831,Good
cercospera Leaf spot8.jpg,601.23,106.44,40.35,76.94,7.45,0.83,Good
pest_disesase12.png,642.67,110.56,37.87,65.48,7.48,0.83,Good
magnes14.png,322.09,127.71,34.28,51.16,5.1,0.83,Good
bcatrial leaf blight13.png,1032.15,114.62,39.26,85.22,9.37,0.83,Good
nitrogen2.jpg,1034.01,117.82,39.5,115.84,10.66,0.83,Good
IMG_8741.jpg,2093.42,140.25,44.09,100.52,12.36,0.829,Good
Brinjal flower.jpg,737.27,114.11,43.97,52.87,7.0,0.829,Good
7.0.jpg,781.78,141.36,38.56,99.86,9.34,0.829,Good
Bacterial 111.jpg,3608.79,139.5,53.36,147.1,17.31,0.829,Good
bcatrial leaf blight131.png,1372.94,118.17,38.74,82.5,10.53,0.829,Good
bacterial leaf blight13.png,877.78,105.7,43.39,87.35,8.92,0.829,Good
Alternaria.jpg,905.15,107.88,44.05,98.74,9.94,0.829,Good
wilt cumin.jpg,778.74,141.41,38.53,99.66,9.33,0.829,Good
no(6)1.jpg,333.37,167.91,47.71,62.23,5.88,0.828,Good
powdety_mildew13.png,964.71,139.46,38.87,117.51,10.25,0.828,Good
pottasium_spider mite (2).jpg,528.74,106.33,48.98,51.05,6.21,0.828,Good
mosaic1.jpg,360.2,98.78,52.7,50.94,5.65,0.828,Good
WhatsApp Image 2026-03-31 at 11.17.18 AM (1).jpeg,357.2,112.85,40.9,52.9,5.4,0.828,Good
Nitro_Magnesi.jpeg,1704.93,126.2,35.64,99.18,11.92,0.827,Good
Bacterial blight114.jpg,3642.47,138.36,52.28,148.36,17.45,0.827,Good
mosaic.jpg,733.18,82.66,56.94,94.17,8.98,0.827,Good
blackspot12.png,1507.44,114.14,43.83,110.0,12.09,0.827,Good
castor_he1.png,1076.25,184.5,80.36,47.69,8.76,0.827,Good
IMG-20260325-WA0026.jpg,1977.05,99.08,57.4,54.69,10.69,0.827,Good
wilt8.jpg,3228.96,99.47,61.64,146.19,16.54,0.827,Good
nietro_magnes.jpeg,1706.81,126.2,35.64,99.15,11.93,0.827,Good
leaf curl19.png,364.53,93.74,43.04,60.99,5.64,0.826,Good
leaf curl17.png,925.88,100.55,45.91,79.29,9.19,0.826,Good
img3.jpg,1844.0,116.78,42.23,111.7,12.45,0.826,Good
mosaic112.jpg,2877.23,103.36,56.79,142.15,15.4,0.826,Good
Discover the Amazing Benefits and Uses of Guava Leaves.jpg,528.29,105.31,42.83,56.37,6.82,0.825,Good
little leaf16.png,613.11,108.56,37.0,71.83,7.37,0.825,Good
mosaic4.jpg,2350.27,147.42,50.25,102.14,14.1,0.825,Good
cercospera Leaf spot1.jpg,2856.89,104.8,56.06,100.18,15.85,0.825,Good
Papaya leaves (1).jpg,460.32,87.33,59.54,51.05,6.39,0.824,Good
IMG_4874.jpg,397.65,158.73,49.97,52.92,5.87,0.824,Good
test12.jpg,868.38,144.66,37.58,85.5,8.73,0.824,Good
powdety_mildew18.png,1891.36,133.35,39.91,124.58,13.42,0.824,Good
mosaic3.jpg,4835.92,104.88,61.15,150.09,18.74,0.823,Good
rust20.png,370.36,99.1,38.79,62.82,5.79,0.823,Good
PHYP62_15932.jpg,2282.81,126.15,36.7,95.96,13.22,0.823,Good
wilt12.png,821.05,103.49,42.61,98.92,9.04,0.823,Good
bcatrial leaf blight132.png,1475.78,122.75,36.21,117.28,11.79,0.823,Good
test11.jpg,864.89,110.79,41.33,55.4,7.69,0.823,Good
alternitia_blight13.png,457.63,120.67,27.25,74.34,6.96,0.822,Good
IMG_8750.jpg,498.74,137.14,48.84,42.61,5.51,0.822,Good
all_desease_detail.jpg,1638.63,186.71,72.42,87.43,13.41,0.822,Good
pest_disesase17.png,1193.39,113.64,38.36,94.22,10.23,0.822,Good
rust12.png,746.12,95.38,45.63,78.18,8.24,0.822,Good
little leaf12.png,668.9,106.96,37.71,72.4,8.02,0.821,Good
cumin_6.png,555.68,122.18,25.41,61.66,6.78,0.821,Good
magne17.png,292.89,120.82,41.73,46.72,4.57,0.821,Good
no(13).jpg,370.11,130.29,46.15,40.21,4.94,0.821,Good
IMG_4967.jpg,2076.75,152.28,49.76,126.52,13.14,0.821,Good
blackspot17.png,1533.67,116.05,39.11,107.48,11.68,0.821,Good
no(23).jpg,268.33,151.77,64.33,42.91,4.86,0.821,Good
cercospera Leaf spot7.jpg,920.06,124.73,27.07,66.39,8.35,0.821,Good
download (13).jpg,1043.0,102.07,42.63,58.95,8.37,0.821,Good
papa_caster.jpeg,239.98,121.66,52.26,48.93,4.61,0.821,Good
test2.jpg,299.62,111.85,50.26,43.16,4.67,0.821,Good
WhatsApp Image 2026-03-31 at 11.04.48 AM.jpeg,239.19,131.83,53.07,46.94,4.56,0.82,Good
cercospora23.png,508.7,118.57,30.96,56.77,6.4,0.82,Good
My garden.jpg,436.1,92.11,51.33,53.3,6.01,0.82,Good
bcatrial leaf blight134.png,1377.77,110.98,39.99,91.31,10.72,0.82,Good
spider_mite1.jpg,369.46,122.7,31.78,53.43,5.83,0.82,Good
WhatsApp Image 2026-03-31 at 10.55.21 AM.jpeg,2925.09,119.48,43.23,115.13,14.98,0.82,Good
magne14.png,522.01,108.54,34.58,69.63,7.16,0.82,Good
no(16).jpg,365.93,167.48,45.2,70.44,6.25,0.82,Good
Alternaria Blight of cumin.jpeg,271.49,134.44,34.0,57.15,5.31,0.82,Good
cumin_un1.jpeg,272.42,134.44,33.99,57.15,5.31,0.82,Good
bcatrial leaf blight133.png,1013.9,116.21,33.37,74.83,9.0,0.82,Good
Screenshot 2026-03-20 103601.png,3575.59,121.65,46.99,137.45,17.51,0.82,Good
no(8).jpg,240.23,110.02,63.62,44.86,4.4,0.819,Good
mag3.jpg,277.62,142.62,44.78,50.73,4.91,0.819,Good
little leaf13.png,750.61,103.5,39.57,78.72,8.31,0.819,Good
leaf curl15.png,690.71,108.25,36.23,75.1,8.22,0.819,Good
leaf_spot3.jpg,1072.89,117.27,34.03,67.2,10.03,0.818,Good
algal18.png,403.97,82.4,57.18,52.28,5.69,0.818,Good
cercospora22.png,617.39,101.92,37.73,59.82,7.0,0.818,Good
cercospora13.png,487.49,107.79,43.91,51.58,6.35,0.818,Good
pottasium2.jpg,276.19,121.49,46.23,45.7,4.72,0.818,Good
wilt16.png,698.48,100.57,39.94,88.35,7.99,0.817,Good
insect14.png,1249.26,118.08,34.56,88.55,10.75,0.817,Good
nitrogen1.jpg,274.51,142.61,44.78,50.68,4.89,0.817,Good
alternitia_blight14.png,446.12,95.2,41.67,82.42,7.17,0.817,Good
caster_he11.jpg,1322.37,110.78,35.63,67.9,9.28,0.816,Good
download (2).jpg,392.1,141.62,55.14,38.0,5.6,0.815,Good
WhatsApp Image 2026-03-31 at 10.56.10 AM.jpeg,377.55,123.57,40.93,43.74,5.17,0.815,Good
IMG_8844.jpg,399.42,112.19,43.88,47.09,5.44,0.815,Good
cercospera Leaf spot6.jpg,900.26,103.56,38.91,71.36,8.77,0.815,Good
wilt4.jpg,1350.48,121.65,31.71,80.27,10.98,0.814,Good
"Common, Cumin Seeds _ Cumin.jpg",280.79,99.78,40.04,86.67,5.78,0.814,Good
WhatsApp Image 2026-03-31 at 10.55.24 AM.jpeg,1024.97,89.07,49.28,80.65,9.62,0.814,Good
wilt7.jpg,1792.99,102.72,47.03,98.91,12.8,0.814,Good
alternaria leaf spot5.jpg,537.0,148.84,33.62,58.77,6.58,0.814,Good
no115.jpg,528.6,159.0,40.18,81.38,7.59,0.814,Good
no115.jpg,528.73,159.0,40.18,81.38,7.59,0.814,Good
alternaria leaf spot23.jpg,454.68,122.56,39.29,46.21,5.92,0.814,Good
Little white eggplant has big leaves_.jpg,532.27,85.55,50.45,56.2,6.55,0.814,Good
rust13.png,580.21,98.96,41.59,57.17,6.98,0.814,Good
IMG_4871.jpg,363.85,154.5,49.63,47.41,5.26,0.814,Good
pottassium7.jpg,363.46,137.98,46.53,41.4,5.15,0.813,Good
cumin_he8.jpeg,3359.59,115.13,47.04,141.24,16.95,0.813,Good
Cumin seed production (2024-25)-SDAU-Jagudan (GUJ) (7).jpg,3119.06,151.63,54.26,136.35,17.13,0.813,Good
test6.jpg,331.32,148.4,40.93,50.67,5.35,0.813,Good
Cumin seed production (2024-25)-SDAU-Jagudan (GUJ) (7).jpeg,3074.42,151.62,54.19,136.21,17.09,0.813,Good
cumin_powdery_mildew2.png,641.59,119.97,25.64,66.38,7.73,0.813,Good
Cumin Seed Production GC4 and 5 (2).JPG,5249.49,143.18,59.2,200.65,22.49,0.812,Good
Cumin Seed Production GC4 and 5 (3).JPG,4320.31,144.27,56.03,170.05,20.57,0.812,Good
WhatsApp Image 2026-03-31 at 10.56.33 AM (1).jpeg,333.92,132.06,43.28,40.48,4.96,0.812,Good
pest_disesase16.png,786.21,105.15,35.48,78.33,8.13,0.812,Good
no(17).jpg,402.31,167.12,42.29,76.61,6.55,0.812,Good
pottasium1.jpg,321.34,124.17,35.39,45.39,4.54,0.811,Good
flora-file.jpg,1134.9,101.02,39.69,67.24,9.12,0.811,Good
nitrogen5.jpg,3462.41,105.02,48.77,103.12,15.1,0.811,Good
cumin_wilt1.png,468.14,121.2,22.44,59.71,6.79,0.811,Good
curl3.jpg,321.07,124.17,35.39,45.4,4.54,0.811,Good
Cumin seed production (2024-25)-SDAU-Jagudan (GUJ) (3).jpeg,2992.37,148.52,50.84,154.06,17.03,0.81,Good
Cumin seed production (2024-25)-SDAU-Jagudan (GUJ) (3).jpg,3083.28,148.56,50.93,154.07,17.13,0.81,Good
Alternaria blight cumin.JPG,3923.89,146.22,54.1,161.79,19.52,0.809,Good
Cumin Seed Production GC4 and 5 (1).JPG,3923.99,146.22,54.1,161.79,19.52,0.809,Good
IMG_4947.jpg,229.89,144.06,47.6,55.5,4.56,0.809,Good
cercospora20.png,479.42,115.93,30.64,54.72,6.2,0.809,Good
little leaf15.png,469.44,107.79,29.31,62.44,6.51,0.809,Good
algal14.png,564.16,92.19,39.42,61.05,6.79,0.809,Good
no113.jpg,235.23,140.35,58.72,44.0,4.58,0.808,Good
WhatsApp Image 2026-03-31 at 10.56.12 AM.jpeg,306.72,124.78,38.57,42.13,4.78,0.808,Good
blackspot16.png,949.92,100.65,37.66,75.1,8.86,0.807,Good
cercospora17.png,762.57,106.52,32.39,59.81,7.95,0.807,Good
no(7).jpg,331.82,167.2,39.87,59.04,5.63,0.807,Good
leaf_curl2.jpg,210.84,117.0,56.13,49.45,4.23,0.807,Good
cumin_3.png,1456.73,137.94,28.91,82.9,10.13,0.806,Good
Probably the most colourful Papaya Tree ever_.jpg,1953.57,94.95,47.19,87.3,12.0,0.806,Good
cumin_powdery_mildew1.png,994.89,121.69,25.24,61.37,9.41,0.806,Good
athrecnose13.png,832.91,113.0,27.84,61.62,8.02,0.806,Good
magnes16.png,393.18,105.32,39.83,52.24,6.36,0.806,Good
insect15.png,1797.38,107.7,41.12,127.48,13.22,0.805,Good
wilt resistancy of GC 4.jpg,2204.74,116.18,36.5,110.22,13.75,0.804,Good
test1.jpg,1847.18,153.04,40.78,82.94,11.81,0.804,Good
test13.jpg,1006.93,150.41,33.75,77.26,9.24,0.803,Good
cumin_2.png,1294.39,109.66,33.29,98.68,10.33,0.803,Good
no(18).jpg,557.54,166.99,40.99,86.7,7.72,0.803,Good
no(7).jpg,255.9,113.48,54.85,42.08,4.41,0.803,Good
alternaria leaf spot1.jpg,536.36,126.51,40.34,40.96,6.43,0.803,Good
alternaria leaf spot25.jpg,457.63,102.5,39.26,52.88,6.26,0.803,Good
cumin_he4.jpeg,3778.61,142.16,43.38,127.13,16.91,0.802,Good
alternaria leaf spot6.jpg,409.63,135.5,30.22,49.81,5.54,0.802,Good
not cumin--Its Ajwain plant.jpg,2887.67,98.1,50.52,131.3,15.96,0.8,Moderate
alternatie2.jpg,2525.94,109.04,41.74,121.62,14.92,0.8,Good
mosaic11.jpg,3195.87,96.87,50.31,113.5,15.37,0.8,Good
Cumin (Cuminum cyminum) organically grown flower seeds_  Floral Encounters_.jpg,2887.96,98.11,50.52,131.33,15.97,0.8,Moderate
hand held leaf6.jpg,283.88,103.39,43.95,48.71,4.56,0.8,Good
cercospora.jpg,588.89,124.15,30.45,49.51,7.08,0.8,Moderate
pest_disesase13.png,540.99,114.89,27.01,55.22,6.47,0.799,Moderate
pottasium9.jpg,2228.69,99.29,43.66,97.91,13.1,0.799,Moderate
powdety_mildew14.png,3875.47,135.0,39.88,154.37,18.13,0.798,Moderate
Guava leaves.jpg,309.6,100.11,39.26,50.78,5.23,0.798,Moderate
powdety_mildew16.png,3508.55,133.68,36.98,144.15,17.07,0.798,Moderate
spider_mite11.jpg,1388.7,123.26,38.3,45.27,8.33,0.798,Moderate
alternaria leaf spot24.jpg,370.05,113.51,39.4,45.01,5.74,0.797,Moderate
wilt15.png,559.12,92.11,34.9,79.35,7.12,0.796,Moderate
wilt1.png,3374.16,112.95,38.78,115.83,15.47,0.796,Moderate
papaya_he1.png,2452.49,99.02,43.6,89.42,13.49,0.796,Moderate
little leaf14.png,649.32,99.45,31.44,75.75,7.71,0.795,Moderate
wilt9.jpg,4262.17,102.6,50.64,155.08,18.33,0.795,Moderate
spider_mite15.jpg,1427.31,112.99,27.38,79.77,10.46,0.793,Moderate
spider_mite3.jpg,1428.52,112.99,27.38,79.71,10.46,0.793,Moderate
papaya_he2.png,725.89,90.08,47.8,50.77,7.3,0.793,Moderate
PHYP62_15933.jpg,622.58,110.67,40.69,46.74,7.52,0.793,Moderate
WhatsApp Image 2026-03-31 at 11.05.09 AM (1).jpeg,367.98,147.7,34.43,49.27,5.59,0.792,Moderate
IMG_4948.jpg,219.79,144.32,48.68,51.38,4.43,0.792,Moderate
no(16).jpg,200.28,151.02,57.15,51.69,4.35,0.791,Moderate
no(16).jpg,200.02,151.02,57.15,51.68,4.35,0.791,Moderate
"PAPAYA Leaf Powder 1lb (454g) ORGANIC Dried Bulk Herb, Carica Papaya L Folia _Available qty from 2oz-4lbs_.jpg",1691.83,86.8,45.75,89.21,11.9,0.791,Moderate
algal17.png,3693.05,104.71,46.91,166.07,18.22,0.79,Moderate
rust15.png,690.62,97.44,31.08,58.55,7.11,0.79,Moderate
magne13.png,280.1,107.33,30.61,54.75,4.92,0.789,Moderate
t2.jpg,264.64,149.66,55.32,38.88,4.46,0.788,Moderate
pottasium_spider mite (5).jpg,205.2,119.44,53.36,45.14,4.04,0.787,Moderate
alternitia_blight16.png,2373.96,106.9,39.56,153.17,15.86,0.787,Moderate
IMG_20260222_183505.jpg,278.37,137.41,35.49,44.76,4.65,0.786,Moderate
cumin_alternatie_blight.png,702.75,84.07,37.12,77.97,7.95,0.784,Moderate
no114.jpg,178.07,134.29,63.45,40.97,3.92,0.784,Moderate
wilt14.png,2277.14,99.09,40.84,137.26,14.53,0.784,Moderate
algal16.png,529.35,90.48,40.41,51.88,6.5,0.783,Moderate
no(1).jpeg,232.96,111.18,48.66,45.86,4.39,0.782,Moderate
Alternaria_(1).jpg,238.13,130.97,38.76,45.94,4.51,0.782,Moderate
cumin_7.png,2835.86,103.13,38.48,133.47,15.01,0.782,Moderate
IMG_8751.jpg,236.8,139.04,48.23,42.35,4.26,0.781,Moderate
magnesium1.jpg,184.2,108.72,53.68,52.76,4.35,0.781,Moderate
WhatsApp Image 2026-03-31 at 11.05.09 AM (2).jpeg,311.16,145.39,30.68,47.09,5.09,0.781,Moderate
IMG_4953.jpg,222.69,152.45,48.21,51.82,4.49,0.781,Moderate
cumin_wilt3.png,1279.85,115.86,26.44,56.3,10.76,0.781,Moderate
leaf curl14.png,277.56,98.51,42.13,47.49,4.79,0.779,Moderate
IMG_8810.jpg,386.91,143.34,38.89,38.77,4.78,0.779,Moderate
cercospora19.png,517.5,110.44,27.58,50.28,6.19,0.778,Moderate
antherconose1.jpg,292.71,93.4,49.44,41.68,5.03,0.778,Moderate
Cumin Seed Production field viewField.JPG,613.85,145.36,25.36,52.37,6.65,0.778,Moderate
pottasium1.jpg,321.26,103.43,43.22,39.31,4.69,0.777,Moderate
no(17).jpg,216.3,150.03,47.43,51.46,4.53,0.777,Moderate
athrecnose15.png,607.42,97.91,31.61,53.96,7.06,0.777,Moderate
pottasium3.jpg,387.15,153.66,33.04,48.88,5.7,0.777,Moderate
IMG_4872.jpg,327.18,149.46,42.3,38.37,4.85,0.776,Moderate
alternaria leaf (1).jpg,202.42,123.03,54.24,40.19,4.1,0.776,Moderate
castor_hea5.png,841.56,195.13,72.4,40.37,7.43,0.774,Moderate
guava_healthy.jpeg,275.41,107.44,48.86,37.06,4.62,0.774,Moderate
no(15).jpg,198.76,151.15,53.29,49.56,4.2,0.774,Moderate
algal19.png,850.7,71.7,41.53,75.09,8.58,0.773,Moderate
"Natural Dried Guava Leaves, Herbal Tea Ingredient - Etsy.jpg",135.1,127.67,65.32,41.09,3.46,0.773,Moderate
castor_hea.jpeg,174.21,122.49,42.2,53.82,3.93,0.773,Moderate
cumin_1.jpg,11003.53,118.09,41.98,139.04,23.36,0.773,Moderate
"Natural Dried Guava Leaves, Herbal Tea Ingredient - Etsy (1).jpg",135.02,127.67,65.33,41.08,3.46,0.772,Moderate
athrecnose14.png,307.99,113.59,28.65,44.04,4.83,0.772,Moderate
wilt13.png,249.89,116.51,36.53,45.52,4.42,0.77,Moderate
Papaya leaf (1).jpg,460.64,139.27,41.8,33.21,5.42,0.77,Moderate
pest.jpg,932.79,108.7,31.57,47.49,7.68,0.769,Moderate
How To Grow Eggplant And Tricks To Get More Fruit.jpg,931.19,108.7,31.57,47.47,7.68,0.769,Moderate
How To Grow Eggplant And Tricks To Get More Fruit.jpg,931.99,108.71,31.57,47.48,7.68,0.769,Moderate
pottasium5.jpg,1689.83,83.62,37.61,84.95,11.35,0.768,Moderate
no(2).jpg,244.77,128.6,45.82,33.46,4.12,0.768,Moderate
wilt2.png,1716.05,190.66,50.83,107.71,12.22,0.768,Moderate
blackspot15.jpg,246.04,121.9,45.76,36.17,4.48,0.767,Moderate
nitrogen6.jpg,167.99,142.18,58.27,45.34,3.96,0.767,Moderate
pest_damage2.jpg,306.86,119.76,33.05,36.13,4.7,0.767,Moderate
Leaf curl of papaya12.jpg,265.26,147.82,54.3,31.97,4.68,0.765,Moderate
cercospora18.png,330.8,108.77,27.71,45.46,5.11,0.765,Moderate
pest_disesase14.png,560.02,77.66,31.32,63.77,6.98,0.765,Moderate
cercospora3.jpg,201.54,105.94,42.76,54.12,4.54,0.764,Moderate
general_disease_detail.jpg,1244.9,194.14,49.02,58.85,10.18,0.764,Moderate
IMG_4849.jpg,176.86,138.29,66.79,33.92,3.77,0.763,Moderate
IMG_4849(1).jpg,176.7,138.29,66.79,33.93,3.77,0.763,Moderate
IMG_4940.jpg,231.24,152.4,51.31,41.9,4.24,0.763,Moderate
IMG_4893.jpg,255.01,151.57,60.1,29.84,4.12,0.762,Moderate
WhatsApp Image 2026-03-31 at 11.17.31 AM.jpeg,210.5,110.05,43.95,48.46,4.41,0.762,Moderate
no6.jpg,233.89,154.37,46.98,45.08,4.38,0.761,Moderate
castor_hea4.png,1430.88,194.04,44.46,62.1,9.41,0.761,Moderate
no(22).jpg,236.26,147.41,56.61,33.76,4.12,0.761,Moderate
IMG_8861.jpg,279.86,118.62,35.97,35.45,4.22,0.759,Moderate
WhatsApp Image 2026-03-31 at 11.04.55 AM.jpeg,224.5,139.5,34.56,48.53,4.31,0.758,Moderate
Field view of cumin seed production plot.JPG,14235.1,108.65,45.23,136.0,24.97,0.758,Moderate
Black sooty Mould (2).jpg,277.52,160.27,34.21,48.84,5.25,0.757,Moderate
hand held leaf2.jpg,269.29,179.88,69.15,32.57,4.65,0.757,Moderate
no117.jpg,176.98,140.1,56.05,40.95,3.91,0.756,Moderate
alternaria leaf (8).jpg,217.19,108.83,45.95,44.19,4.24,0.756,Moderate
IMG_8823.jpg,220.79,133.08,50.63,32.45,3.89,0.755,Moderate
alternaria leaf (7).jpg,215.9,108.83,45.94,44.16,4.23,0.755,Moderate
pottasium_spider mite (7).jpg,199.67,131.62,42.72,42.06,4.01,0.754,Moderate
bacterial leaf blight12.png,480.82,86.32,34.78,48.64,6.22,0.753,Moderate
rust14.png,546.12,117.46,20.38,44.03,5.78,0.752,Moderate
spider_mite41.jpg,241.24,96.85,41.69,46.99,4.63,0.75,Moderate
IMG_4954.jpg,190.75,153.28,48.66,48.13,4.11,0.749,Moderate
IMG_8873.jpg,209.19,157.15,65.94,33.07,3.95,0.749,Moderate
IMG_8867.jpg,1028.48,184.88,44.08,50.21,8.66,0.745,Moderate
magnesium4.jpg,151.9,142.81,62.46,38.37,3.51,0.745,Moderate
no(9)1.jpg,141.53,126.65,49.97,43.25,3.39,0.744,Moderate
blackspot11.jpg,142.32,110.07,76.54,30.4,3.4,0.743,Moderate
antherconose.jpg,142.21,110.07,76.54,30.39,3.4,0.742,Moderate
test5.jpg,212.91,116.06,47.69,35.8,4.2,0.741,Moderate
"Black spot of papaya, caused by Asperisoporium caricae_14975626599_o.jpg",236.55,161.51,56.11,34.28,3.98,0.74,Moderate
Nitrogen7.jpg,371.7,140.94,33.24,30.38,4.82,0.74,Moderate
anthrecnose1 (2).jpg,212.87,121.77,48.04,31.82,3.96,0.739,Moderate
cercospera Leaf spot2.jpg,566.93,82.7,26.78,53.97,7.48,0.739,Moderate
test15.jpg,197.09,116.95,43.52,40.99,4.12,0.739,Moderate
magnesium2.jpg,174.37,139.64,41.58,46.93,3.97,0.739,Moderate
no(12).jpg,152.03,139.24,67.68,30.01,3.23,0.737,Moderate
GC-4 Plant copy (2).jpg,4900.44,174.77,40.22,132.81,18.04,0.737,Moderate
leafcurl2.jpg,396.18,42.78,47.05,54.57,6.43,0.734,Moderate
test16.jpg,321.34,79.88,37.55,41.73,5.03,0.733,Moderate
algal_spot1.jpg,185.4,129.37,42.35,37.11,3.82,0.732,Moderate
no(5).jpg,197.4,128.99,39.21,37.27,4.04,0.732,Moderate
IMG_20260222_183552.jpg,272.71,104.28,34.4,35.49,4.44,0.727,Moderate
IMG_4968.jpg,171.49,141.0,45.79,40.12,3.71,0.724,Moderate
no(14).jpg,173.38,139.53,59.5,28.22,3.35,0.724,Moderate
test3.jpg,238.21,98.46,36.65,42.78,4.6,0.724,Moderate
IMG_20260228_090510.jpg,195.57,126.02,51.12,25.99,3.86,0.722,Moderate
Nitrogen1.jpg,202.98,150.47,49.33,35.06,3.77,0.722,Moderate
no.jpg,166.34,111.24,51.04,38.26,3.65,0.722,Moderate
cercospera Leaf spot11.jpg,214.23,100.01,36.29,45.39,4.31,0.72,Moderate
IMG_8866.jpg,611.18,192.26,40.32,45.71,6.69,0.719,Moderate
cercospora16.png,255.53,92.18,34.69,41.84,4.45,0.718,Moderate
IMG_8793.jpg,149.54,147.24,60.05,33.84,3.39,0.716,Moderate
IMG_8865.jpg,664.52,184.26,36.22,43.94,6.64,0.716,Moderate
no(12).jpg,145.74,136.36,65.67,24.56,3.0,0.715,Moderate
nitrogen3.jpg,151.25,148.76,54.91,37.55,3.54,0.713,Moderate
no(6).jpg,207.68,149.7,48.54,31.51,3.65,0.713,Moderate
IMG_4848.jpg,167.56,144.53,54.09,32.62,3.63,0.712,Moderate
no(19).jpg,134.39,148.61,56.46,38.96,3.3,0.712,Moderate
IMG_8768.jpg,186.63,140.21,49.08,30.33,3.43,0.712,Moderate
What Happens to The Body If You Eat Guava Leaves Every Day for a Month_.jpg,137.15,111.46,46.81,43.85,3.5,0.711,Moderate
no(10).jpg,148.98,147.29,65.07,28.7,3.22,0.711,Moderate
pottasium4.jpg,158.23,131.82,52.53,29.08,3.4,0.711,Moderate
pottasium3.jpg,158.13,131.82,52.53,29.08,3.4,0.711,Moderate
IMG_4848(1).jpg,167.25,144.53,54.1,32.62,3.63,0.711,Moderate
leaf_curl1.jpg,135.66,117.42,40.71,45.83,3.45,0.711,Moderate
IMG_4943.jpg,177.46,151.81,47.81,38.21,3.6,0.71,Moderate
rust3.jpg,152.97,114.32,35.7,47.37,3.78,0.709,Moderate
rust1.jpg,560.04,63.34,53.82,31.32,5.7,0.709,Moderate
test5.jpg,176.1,106.49,54.14,32.18,3.71,0.708,Moderate
test1.jpg,202.1,139.07,41.15,31.52,3.95,0.706,Moderate
pottasium1.jpg,218.55,85.23,40.79,43.5,4.22,0.705,Moderate
Nitrogen8.jpg,176.48,128.06,40.9,30.66,3.59,0.704,Moderate
IMG-20260324-WA0028.jpg,178.27,122.0,37.39,35.82,3.73,0.704,Moderate
test1.jpg,189.29,136.49,33.35,38.07,3.87,0.704,Moderate
pottasium_spider mite (9).jpg,160.26,143.7,43.12,39.03,3.55,0.702,Moderate
download (15).jpg,153.24,154.7,43.65,44.98,3.53,0.702,Moderate
WhatsApp Image 2026-03-31 at 11.17.35 AM.jpeg,153.19,119.55,43.53,35.61,3.49,0.699,Moderate
IMG_4944.jpg,149.33,148.23,46.83,39.34,3.47,0.699,Moderate
no(9).jpg,155.03,149.15,55.32,32.11,3.32,0.699,Moderate
anthrecnose1 3.jpg,165.7,121.38,37.1,36.66,3.58,0.697,Moderate
no(4).jpg,186.38,144.92,52.99,25.11,3.37,0.697,Moderate
IMG_8868.jpg,237.33,184.0,46.16,39.73,4.43,0.696,Moderate
pest_damage112.jpg,130.89,138.89,51.35,34.05,3.24,0.696,Moderate
no(11).jpg,189.79,147.49,50.33,26.92,3.4,0.695,Moderate
IMG_4847.jpg,172.22,152.39,47.93,35.25,3.76,0.695,Moderate
IMG_4847(1).jpg,172.12,152.39,47.93,35.25,3.76,0.695,Moderate
no(5).jpg,176.19,153.01,54.85,28.27,3.47,0.692,Moderate
IMG_20260228_090256.jpg,152.96,126.06,52.44,23.55,3.27,0.692,Moderate
no(4).jpg,146.13,150.47,64.01,25.49,3.04,0.692,Moderate
no(20).jpg,167.12,152.49,46.67,35.98,3.67,0.691,Moderate
IMG_4892.jpg,163.72,150.09,49.62,32.83,3.55,0.69,Moderate
cumin_wilt.png,178.46,125.86,27.28,37.7,3.9,0.69,Moderate
magnessium2.jpg,213.24,179.23,52.44,35.23,4.1,0.69,Moderate
no(11).jpg,138.21,150.22,68.36,22.92,2.89,0.69,Moderate
cumin_he10.jpeg,537.55,34.61,60.53,35.83,7.13,0.689,Moderate
IMG_4850(1).jpg,136.82,142.85,54.26,30.57,3.23,0.689,Moderate
IMG_4850.jpg,136.7,142.85,54.26,30.58,3.22,0.689,Moderate
no(9).jpg,170.39,148.88,51.78,28.21,3.31,0.688,Moderate
alternaria leaf (5).jpg,182.94,143.2,41.24,31.52,3.76,0.688,Moderate
no(8).jpg,133.46,146.35,64.0,24.22,2.89,0.687,Moderate
cumin_hea2.jpeg,122.21,135.64,33.96,44.01,3.12,0.686,Moderate
test1.jpg,173.61,118.14,45.95,26.51,3.44,0.686,Moderate
"Papaya Leaf stock image_ Image of lobed, green, organic - 93255095.jpg",465.09,219.96,62.09,31.29,6.18,0.685,Moderate
IMG_20260222_183549.jpg,230.07,101.3,35.1,31.5,3.99,0.684,Moderate
no(6).jpg,135.18,142.49,56.9,26.1,2.94,0.682,Moderate
no112.jpg,141.24,152.72,61.33,26.21,2.99,0.681,Moderate
no(14).jpg,224.75,160.41,40.38,29.79,3.74,0.681,Moderate
no(6).jpg,128.34,151.94,59.13,29.27,2.97,0.679,Moderate
no(19).jpg,124.64,147.24,60.3,27.17,3.04,0.679,Moderate
no(19).jpg,124.76,147.24,60.3,27.16,3.04,0.679,Moderate
no(13).jpg,126.95,152.47,67.56,22.67,2.79,0.677,Moderate
no116.jpg,117.7,149.16,58.32,30.03,2.93,0.677,Moderate
no1.jpg,206.05,170.58,48.4,30.49,3.77,0.675,Moderate
IMG_20260222_183617.jpg,193.9,128.02,29.5,26.85,3.51,0.675,Moderate
anthrecnose11 (1).jpg,140.71,128.33,33.1,34.67,3.38,0.675,Moderate
no(2).jpg,143.39,158.81,58.42,29.25,3.23,0.675,Moderate
pest_disease11.jpg,128.15,108.23,55.23,29.23,3.24,0.674,Moderate
no(15).jpg,172.95,124.08,35.91,27.63,3.31,0.674,Moderate
no(22).jpg,133.84,155.42,53.51,33.05,3.26,0.674,Moderate
IMG-20260325-WA0043.jpg,202.56,150.67,30.64,35.37,3.99,0.674,Moderate
no(3).jpg,169.16,158.82,56.27,24.64,3.18,0.672,Moderate
no(10).jpg,164.39,156.64,51.35,28.63,3.25,0.672,Moderate
no(5)1.jpg,189.63,159.15,45.09,29.74,3.52,0.672,Moderate
IMG-20260325-WA0039.jpg,190.6,143.74,29.65,34.12,3.85,0.671,Moderate
IMG-20260325-WA0039.jpg,190.75,143.75,29.65,34.1,3.85,0.671,Moderate
21175817939_f04ffb822c_o.jpg,143.9,128.61,44.28,24.59,3.3,0.671,Moderate
F1_Guava_Healthy_1.jpg,150.64,150.99,45.53,32.9,3.49,0.671,Moderate
IMG_4845.jpg,150.39,150.99,45.53,32.89,3.49,0.67,Moderate
no(5).jpg,147.86,157.82,54.65,29.12,3.15,0.67,Moderate
Cercospora alternaria_.jpg,192.51,147.1,26.73,36.59,3.93,0.668,Moderate
IMG_8870.jpg,291.02,193.62,31.86,36.09,4.75,0.668,Moderate
IMG_8890.jpg,146.76,166.2,61.37,27.48,3.33,0.667,Moderate
test4.jpg,109.2,131.14,46.72,28.84,2.77,0.667,Moderate
IMG_20260222_183530.jpg,179.47,140.72,38.46,26.67,3.59,0.667,Moderate
no(7).jpg,146.3,155.44,56.02,25.84,3.01,0.666,Moderate
leaf curl1.jpg,138.56,143.33,56.23,21.37,3.01,0.665,Moderate
IMG_20260222_183609.jpg,153.13,127.83,36.86,26.03,3.23,0.665,Moderate
IMG_8889.jpg,134.7,159.46,59.58,27.28,3.06,0.665,Moderate
pottasium_spider mite (8).jpg,110.23,144.64,51.2,30.82,2.76,0.664,Moderate
IMG_8864.JPG,452.03,190.42,27.93,34.85,5.16,0.663,Moderate
Alteria Blight and Thrips insect damage of cumin.JPG,451.78,190.42,27.93,34.85,5.16,0.663,Moderate
no(10).jpg,152.69,154.96,50.53,27.83,3.14,0.663,Moderate
cercospora.jpg,155.98,104.14,38.78,35.16,3.53,0.663,Moderate
IMG_20260228_090727.jpg,166.97,144.25,42.88,26.25,3.58,0.663,Moderate
Alternaria_(4).jpg,150.23,133.9,36.02,29.12,3.35,0.661,Moderate
Cercospora_(2).jpg,165.28,135.02,30.52,30.83,3.56,0.66,Moderate
no(9).jpg,106.92,151.62,65.78,21.83,2.57,0.659,Moderate
no(4).jpg,142.98,154.26,56.43,22.85,2.94,0.657,Moderate
no(2).jpg,129.08,163.91,57.96,29.1,3.02,0.657,Moderate
cumin_he3.jpeg,105.78,128.82,32.46,35.79,2.75,0.656,Moderate
IMG_4846(1).jpg,136.18,150.89,47.26,29.12,3.22,0.654,Moderate
IMG_4846.jpg,136.25,150.89,47.25,29.12,3.22,0.654,Moderate
no(7).jpg,122.38,161.73,59.61,26.32,2.89,0.651,Moderate
pottassium5.jpg,99.36,113.65,53.9,24.67,2.48,0.648,Poor
IMG_8887.jpg,121.39,166.03,57.19,29.07,2.96,0.647,Poor
no118.jpg,118.6,153.03,48.03,30.3,2.9,0.647,Poor
no(4)1.jpg,146.54,155.07,50.51,23.66,3.0,0.646,Poor
no(1).jpg,133.97,173.63,56.5,30.59,3.12,0.646,Poor
alternaria leaf (4).jpg,155.79,140.03,32.18,28.32,3.43,0.643,Poor
no(10)1.jpg,120.25,150.97,44.72,30.47,3.0,0.643,Poor
no(3).jpg,133.01,166.97,56.84,25.9,2.93,0.642,Poor
21371018861_42fd0d4585_o.jpg,111.76,136.95,46.15,23.91,2.73,0.642,Poor
pottasium2.jpg,104.2,105.14,52.48,27.22,2.65,0.642,Poor
IMG_20260222_183359.jpg,98.56,123.58,46.18,23.58,2.47,0.641,Poor
no(21).jpg,112.06,153.47,42.23,33.31,2.85,0.637,Poor
no(1).jpg,116.4,154.94,60.82,18.5,2.59,0.636,Poor
no.jpg,141.87,168.68,55.5,23.34,2.91,0.633,Poor
test5.jpg,100.87,102.27,42.77,33.79,2.65,0.633,Poor
IMG_20260228_090435.jpg,173.43,148.75,31.17,26.62,3.66,0.632,Poor
IMG_20260222_183624.jpg,162.77,131.58,26.43,23.71,3.18,0.632,Poor
Leaf curl of papaya13.jpg,124.15,96.92,45.13,30.02,3.07,0.632,Poor
no(8).jpg,113.45,157.02,60.18,19.29,2.58,0.632,Poor
no(20).jpg,93.58,137.59,54.82,17.02,2.32,0.63,Poor
no(20).jpg,93.7,137.59,54.82,17.01,2.32,0.63,Poor
castor_heal.png,337.41,41.27,55.95,13.69,4.26,0.629,Poor
no(21).jpg,125.87,161.16,43.65,30.76,3.08,0.628,Poor
Cercospora_.jpg,123.33,144.63,33.25,29.74,2.98,0.624,Poor
no(3).jpg,112.41,166.65,50.98,26.87,2.73,0.618,Poor
Cercospora_(1).jpg,173.46,159.59,27.71,30.29,3.65,0.618,Poor
IMG_20260222_183650.jpg,167.3,104.25,29.64,25.55,3.33,0.617,Poor
IMG_8888.jpg,122.21,172.19,52.71,25.29,2.86,0.614,Poor
IMG_20260228_090326.jpg,172.09,154.17,28.38,26.39,3.67,0.614,Poor
Cercospora Phytophthora_.jpg,147.81,157.64,28.97,31.42,3.36,0.613,Poor
IMG_20260222_183447.jpg,156.14,153.23,33.19,23.74,3.22,0.611,Poor
Cercospora Phytophthora_(1).jpg,156.3,164.19,34.17,28.57,3.48,0.611,Poor
pest_damage1.jpg,157.54,93.07,38.0,23.79,3.2,0.609,Poor
IMG-20260325-WA0042.jpg,135.99,156.68,30.14,31.1,3.16,0.609,Poor
Alternaria_(3).jpg,119.51,144.3,32.73,25.68,2.88,0.607,Poor
download.jpg,103.6,113.63,37.2,24.3,2.67,0.607,Poor
Cercospora_(5).jpg,141.38,152.94,30.86,26.09,3.18,0.603,Poor
no(17).jpg,135.56,164.86,41.36,24.41,2.96,0.603,Poor
no(17).jpg,135.42,164.86,41.36,24.42,2.96,0.603,Poor
alternaria leaf (6).jpg,100.68,143.25,35.63,24.57,2.55,0.602,Poor
IMG_20260222_183605.jpg,108.06,130.66,34.01,17.88,2.51,0.6,Poor
IMG_20260228_090859.jpg,86.72,107.07,46.9,19.66,2.28,0.596,Poor
IMG_20260222_183713.jpg,100.81,119.64,31.02,23.06,2.49,0.596,Poor
IMG_8905.jpg,126.23,175.62,47.35,24.66,2.9,0.596,Poor
IMG_20260222_183414.jpg,92.21,132.26,32.49,21.2,2.31,0.595,Poor
no13.jpg,165.23,181.56,38.42,25.7,3.2,0.592,Poor
img1.jpg,93.47,113.52,32.74,24.82,2.38,0.592,Poor
Cercospora_(3).jpg,119.97,145.97,25.27,26.74,2.89,0.59,Poor
Cercospora_(4).jpg,129.06,150.89,28.83,24.73,2.99,0.59,Poor
Cercospora_(6).jpg,134.72,158.27,30.01,26.44,3.16,0.59,Poor
IMG-20260324-WA0050.jpg,129.97,155.19,29.04,25.91,2.99,0.588,Poor
nitrogen4.jpg,83.73,110.87,45.78,16.46,2.14,0.588,Poor
IMG_20260222_183048.jpg,81.44,131.39,34.39,18.49,2.08,0.586,Poor
no11.jpg,151.17,180.69,38.01,25.77,3.1,0.584,Poor
IMG_20260222_183743.jpg,106.63,169.53,28.99,35.32,2.73,0.583,Poor
no.jpg,118.42,177.57,43.96,23.98,2.74,0.578,Poor
no(2).jpg,106.32,175.54,49.99,20.06,2.52,0.576,Poor
IMG_20260222_183726.jpg,105.91,90.52,34.47,26.11,2.61,0.572,Poor
IMG_8871.jpg,194.58,195.93,26.5,29.74,3.61,0.571,Poor
spider_mite2.jpg,97.63,150.37,34.21,19.73,2.46,0.569,Poor
IMG_20260222_183659.jpg,95.45,145.54,26.23,22.45,2.39,0.565,Poor
no12.jpg,153.79,186.21,36.62,23.24,3.07,0.565,Poor
IMG_20260222_183452.jpg,110.56,155.4,27.79,20.89,2.6,0.557,Poor
IMG_20260222_183748.jpg,89.38,152.62,31.49,18.77,2.25,0.551,Poor
no(13).jpg,111.1,178.71,40.31,18.6,2.55,0.545,Poor
no(5).jpg,112.76,180.2,38.18,19.63,2.58,0.542,Poor
IMG_8869.jpg,151.28,194.01,29.21,26.19,3.19,0.542,Poor
cumin_he6.jpeg,88.99,167.49,26.41,26.67,2.28,0.541,Poor
general_diseases_detail.jpg,200.26,238.66,42.06,26.53,4.98,0.529,Poor
IMG_20260228_090919.jpg,81.63,80.37,41.9,16.24,2.1,0.528,Poor
pottassium6.jpg,86.69,86.7,30.62,16.09,2.19,0.512,Poor
IMG_20260228_090931.jpg,75.42,172.56,33.96,12.51,1.96,0.497,Poor
